HydrantID,ValveID,Valve Angle,Longitude,Latitude,Location 1
4,1-14,274,-118.51090314,34.02337305,"(34.02337305, -118.51090314)"
10,4-251,90,-118.49296299,34.00842049,"(34.00842049, -118.49296299)"
11,4-249,90,-118.49365166,34.00907965,"(34.00907965, -118.49365166)"
12,4-234,270,-118.49281831,34.00948336,"(34.00948336, -118.49281831)"
13,4-247,90,-118.49444882,34.00983247,"(34.00983247, -118.49444882)"
14,4-296,270,-118.49504875,34.0102467,"(34.01024670, -118.49504875)"
16,4-233,270,-118.49138441,34.00825886,"(34.00825886, -118.49138441)"
17,4-253,90,-118.49208133,34.00755991,"(34.00755991, -118.49208133)"
18,4-301,0,-118.49164509,34.007441,"(34.00744100, -118.49164509)"
19,4-227,58,-118.490348,34.00727331,"(34.00727331, -118.49034800)"
20,4-257,355,-118.49107629,34.00685126,"(34.00685126, -118.49107629)"
21,4-259,175,-118.49039407,34.00620378,"(34.00620378, -118.49039407)"
22,4-224,176,-118.48968279,34.00671091,"(34.00671091, -118.48968279)"
24,4-270,86,-118.48875465,34.00450742,"(34.00450742, -118.48875465)"
25,4-220,356,-118.487242,34.00434914,"(34.00434914, -118.48724200)"
26,4-274,86,-118.4879674,34.0037274,"(34.00372740, -118.48796740)"
28,4-287,353,-118.48812133,34.00281469,"(34.00281469, -118.48812133)"
29,4-284,352,-118.48734282,34.00243391,"(34.00243391, -118.48734282)"
30,4-213,356,-118.48605579,34.00329267,"(34.00329267, -118.48605579)"
31,4-210,355,-118.48553457,34.0027779,"(34.00277790, -118.48553457)"
32,4-207,176,-118.48511834,34.00236364,"(34.00236364, -118.48511834)"
33,4-282,3,-118.48675683,34.00178352,"(34.00178352, -118.48675683)"
34,4-279,353,-118.48636812,34.00138835,"(34.00138835, -118.48636812)"
45,1-87,4,-118.51165715,34.02968041,"(34.02968041, -118.51165715)"
46,1-80,182,-118.51132404,34.02778121,"(34.02778121, -118.51132404)"
47,1-135,184,-118.51007074,34.03129196,"(34.03129196, -118.51007074)"
48,1-53,281,-118.51041955,34.02516511,"(34.02516511, -118.51041955)"
49,2-57,270,-118.5035091,34.02271353,"(34.02271353, -118.50350910)"
50,2-69,90,-118.5025304,34.0235439,"(34.02354390, -118.50253040)"
51,2-81,90,-118.50156181,34.02429124,"(34.02429124, -118.50156181)"
54,2-55,360,-118.50246483,34.02093438,"(34.02093438, -118.50246483)"
55,2-59A,270,-118.50208077,34.02149905,"(34.02149905, -118.50208077)"
57,2-80,360,-118.50058017,34.02246309,"(34.02246309, -118.50058017)"
58,2-86,0,-118.49962834,34.02322846,"(34.02322846, -118.49962834)"
59,2-85,0,-118.49877124,34.02125483,"(34.02125483, -118.49877124)"
60,2-75,0,-118.49970802,34.02048064,"(34.02048064, -118.49970802)"
61,2-62,0,-118.50065586,34.0197166,"(34.01971660, -118.50065586)"
62,2-42,360,-118.50174812,34.01878452,"(34.01878452, -118.50174812)"
63,2-51,271,-118.5014557,34.01938009,"(34.01938009, -118.50145570)"
64,2-25B,90,-118.50342296,34.01890614,"(34.01890614, -118.50342296)"
65,2-21,90,-118.50121081,34.01701468,"(34.01701468, -118.50121081)"
66,2-19,90,-118.50086457,34.01664178,"(34.01664178, -118.50086457)"
67,2-158,0,-118.50051326,34.01715327,"(34.01715327, -118.50051326)"
68,2-159,269,-118.50015624,34.01741163,"(34.01741163, -118.50015624)"
69,2-154,180,-118.50039655,34.01762184,"(34.01762184, -118.50039655)"
70,3-80,269,-118.4994834,34.01683457,"(34.01683457, -118.49948340)"
71,2-150,180,-118.49944709,34.01839088,"(34.01839088, -118.49944709)"
72,2-161,270,-118.49920502,34.01817074,"(34.01817074, -118.49920502)"
74,2-146,180,-118.49850928,34.01916351,"(34.01916351, -118.49850928)"
75,2-137,180,-118.49755845,34.01989268,"(34.01989268, -118.49755845)"
76,2-164,270,-118.49778527,34.01939424,"(34.01939424, -118.49778527)"
77,2-133,180,-118.49661789,34.02065261,"(34.02065261, -118.49661789)"
90,3-59,180,-118.49413254,34.01216538,"(34.01216538, -118.49413254)"
91,4-199,90,-118.49363183,34.01052493,"(34.01052493, -118.49363183)"
93,4-193,270,-118.49277386,34.0118841,"(34.01188410, -118.49277386)"
94,4-202,90,-118.49249959,34.00956098,"(34.00956098, -118.49249959)"
96,4-150,90,-118.49170065,34.01124477,"(34.01124477, -118.49170065)"
98,4-155,61,-118.49006339,34.00964326,"(34.00964326, -118.49006339)"
101,4-15,0,-118.48887743,34.01251636,"(34.01251636, -118.48887743)"
102,4-17,354,-118.48781008,34.01312968,"(34.01312968, -118.48781008)"
103,4-13,90,-118.48943829,34.01167043,"(34.01167043, -118.48943829)"
104,4-32,90,-118.48850534,34.0108675,"(34.01086750, -118.48850534)"
122,4-44,356,-118.48599815,34.01034098,"(34.01034098, -118.48599815)"
123,4-132,86,-118.48488091,34.00588705,"(34.00588705, -118.48488091)"
124,4-133,85,-118.48409025,34.00510736,"(34.00510736, -118.48409025)"
125,4-135,85,-118.48311333,34.00412923,"(34.00412923, -118.48311333)"
126,4-179,266,-118.48398832,34.00345913,"(34.00345913, -118.48398832)"
127,4-181,265,-118.48499317,34.00446145,"(34.00446145, -118.48499317)"
129,4-185,86,-118.48486641,34.00342982,"(34.00342982, -118.48486641)"
131,4-170,86,-118.48657746,34.00500028,"(34.00500028, -118.48657746)"
132,4-128,86,-118.48566579,34.00666145,"(34.00666145, -118.48566579)"
133,4-168,86,-118.48731545,34.00573225,"(34.00573225, -118.48731545)"
134,4-165,86,-118.48816231,34.00656757,"(34.00656757, -118.48816231)"
137,4-141,356,-118.48742512,34.00811967,"(34.00811967, -118.48742512)"
138,4-120,356,-118.48743253,34.00940117,"(34.00940117, -118.48743253)"
140,4-161,85,-118.48949186,34.00788629,"(34.00788629, -118.48949186)"
141,4-156,60,-118.48980367,34.00868358,"(34.00868358, -118.48980367)"
158,1-140,261,-118.50819887,34.03217773,"(34.03217773, -118.50819887)"
159,1-137,260,-118.50872642,34.03285309,"(34.03285309, -118.50872642)"
160,1-175,21,-118.50797063,34.033811,"(34.03381100, -118.50797063)"
161,1-147,276,-118.50779229,34.03179115,"(34.03179115, -118.50779229)"
162,10-18,205,-118.50689667,34.03419166,"(34.03419166, -118.50689667)"
163,10-22,270,-118.50651328,34.03386466,"(34.03386466, -118.50651328)"
164,10-20,202,-118.50736732,34.0330477,"(34.03304770, -118.50736732)"
165,10-21,271,-118.50702428,34.03273474,"(34.03273474, -118.50702428)"
166,1-149A,0,-118.50673621,34.03121051,"(34.03121051, -118.50673621)"
167,10-36,14,-118.5061479,34.03192316,"(34.03192316, -118.50614790)"
168,10-75,270,-118.50447754,34.03297943,"(34.03297943, -118.50447754)"
169,10-40,31,-118.50512734,34.03420585,"(34.03420585, -118.50512734)"
170,10-73,270,-118.50391694,34.03323001,"(34.03323001, -118.50391694)"
171,10-23,270,-118.50615558,34.03513984,"(34.03513984, -118.50615558)"
172,10-15,267,-118.50755689,34.0349075,"(34.03490750, -118.50755689)"
173,10-13,211,-118.50652704,34.03536089,"(34.03536089, -118.50652704)"
174,10-12,294,-118.50723059,34.03558864,"(34.03558864, -118.50723059)"
175,10-8,261,-118.50718945,34.03648758,"(34.03648758, -118.50718945)"
176,10-3,201,-118.50610048,34.03671172,"(34.03671172, -118.50610048)"
184,10-86,360,-118.50234888,34.03220434,"(34.03220434, -118.50234888)"
185,10-79,0,-118.50328325,34.03144936,"(34.03144936, -118.50328325)"
186,10-76,0,-118.5042356,34.03067793,"(34.03067793, -118.50423560)"
187,1-151,272,-118.50646959,34.03065849,"(34.03065849, -118.50646959)"
188,10-125,360,-118.50271839,34.02937669,"(34.02937669, -118.50271839)"
189,10-120,0,-118.50177867,34.03014353,"(34.03014353, -118.50177867)"
190,10-117,270,-118.50098441,34.03072792,"(34.03072792, -118.50098441)"
191,10-111,0,-118.50051231,34.03116854,"(34.03116854, -118.50051231)"
192,10-138,0,-118.49804359,34.02973367,"(34.02973367, -118.49804359)"
193,10-153A,90,-118.50055861,34.02974803,"(34.02974803, -118.50055861)"
194,10-131,180,-118.50009118,34.02833962,"(34.02833962, -118.50009118)"
195,10-122,270,-118.50099526,34.0291606,"(34.02916060, -118.50099526)"
196,2-91,270,-118.50082292,34.02513698,"(34.02513698, -118.50082292)"
197,9-3,0,-118.49931583,34.02609802,"(34.02609802, -118.49931583)"
198,10-126,180,-118.50081122,34.0277567,"(34.02775670, -118.50081122)"
199,9-17,1,-118.49836741,34.02686253,"(34.02686253, -118.49836741)"
200,9-35,0,-118.49744486,34.0276661,"(34.02766610, -118.49744486)"
201,9-53,360,-118.49647919,34.02839392,"(34.02839392, -118.49647919)"
206,8-20,180,-118.49102923,34.02250213,"(34.02250213, -118.49102923)"
207,9-51,180,-118.49188643,34.02448896,"(34.02448896, -118.49188643)"
208,9-26,0,-118.49404611,34.02507853,"(34.02507853, -118.49404611)"
209,9-16,0,-118.49497899,34.02431924,"(34.02431924, -118.49497899)"
210,9-19,180,-118.49283578,34.0237181,"(34.02371810, -118.49283578)"
211,8-26,180,-118.49196144,34.02174153,"(34.02174153, -118.49196144)"
212,9-28,0,-118.49608991,34.02606254,"(34.02606254, -118.49608991)"
213,9-42,360,-118.49525118,34.02683438,"(34.02683438, -118.49525118)"
214,9-7,360,-118.49708733,34.02525229,"(34.02525229, -118.49708733)"
215,2-109,0,-118.49801339,34.02449402,"(34.02449402, -118.49801339)"
216,2-101,0,-118.49868672,34.02400086,"(34.02400086, -118.49868672)"
217,2-111,0,-118.49691047,34.02281773,"(34.02281773, -118.49691047)"
218,2-100,0,-118.49786019,34.02204388,"(34.02204388, -118.49786019)"
219,9-2,360,-118.49592815,34.02354644,"(34.02354644, -118.49592815)"
220,2-129,180,-118.49566563,34.02142591,"(34.02142591, -118.49566563)"
221,9-1,180,-118.49472135,34.02219465,"(34.02219465, -118.49472135)"
222,9-15,180,-118.49377954,34.02295367,"(34.02295367, -118.49377954)"
223,8-29,270,-118.49244003,34.02112797,"(34.02112797, -118.49244003)"
229,8-60,180,-118.48946088,34.0211657,"(34.02116570, -118.48946088)"
230,8-36,360,-118.48928812,34.02103539,"(34.02103539, -118.48928812)"
231,8-65,180,-118.49039992,34.02040513,"(34.02040513, -118.49039992)"
233,8-73,0,-118.48772103,34.01969603,"(34.01969603, -118.48772103)"
234,8-39,360,-118.48856457,34.02162848,"(34.02162848, -118.48856457)"
235,8-33,0,-118.49045421,34.02009303,"(34.02009303, -118.49045421)"
236,8-30,0,-118.49139818,34.01932593,"(34.01932593, -118.49139818)"
237,8-98,180,-118.48631444,34.01849695,"(34.01849695, -118.48631444)"
238,8-102,180,-118.48726523,34.01772879,"(34.01772879, -118.48726523)"
239,8-67,0,-118.48961864,34.01816288,"(34.01816288, -118.48961864)"
241,8-70,90,-118.48870217,34.01895943,"(34.01895943, -118.48870217)"
242,4-1,90,-118.48810544,34.01525605,"(34.01525605, -118.48810544)"
243,4-2,90,-118.48727617,34.01454787,"(34.01454787, -118.48727617)"
244,7-72,180,-118.4846214,34.01665351,"(34.01665351, -118.48462140)"
247,7-48,90,-118.48640295,34.01540682,"(34.01540682, -118.48640295)"
248,7-49,90,-118.48718141,34.01603937,"(34.01603937, -118.48718141)"
249,4-19,360,-118.48671507,34.01379891,"(34.01379891, -118.48671507)"
250,7-1,345,-118.48576706,34.0143462,"(34.01434620, -118.48576706)"
265,4-27,180,-118.48566853,34.01319921,"(34.01319921, -118.48566853)"
266,7-2A,0,-118.48483471,34.01366181,"(34.01366181, -118.48483471)"
267,7-39,180,-118.48465652,34.01398176,"(34.01398176, -118.48465652)"
268,7-36,90,-118.48295991,34.01246899,"(34.01246899, -118.48295991)"
182,4-41,264,-118.48502688,34.01098431,"(34.01098431, -118.48502688)"
270,7-5A,1,-118.48224373,34.01145525,"(34.01145525, -118.48224373)"
271,7-31,350,-118.4818369,34.01161175,"(34.01161175, -118.48183690)"
272,7-4,348,-118.48310107,34.01205955,"(34.01205955, -118.48310107)"
273,7-139,348,-118.48184715,34.01273223,"(34.01273223, -118.48184715)"
274,7-29,2,-118.48103356,34.01094,"(34.01094000, -118.48103356)"
275,7-24,349,-118.48019505,34.01028904,"(34.01028904, -118.48019505)"
276,7-6A,169,-118.48085065,34.01030667,"(34.01030667, -118.48085065)"
277,7-5B,350,-118.48142063,34.0108116,"(34.01081160, -118.48142063)"
814,7-23,171,-118.47942669,34.0097311,"(34.00973110, -118.47942669)"
279,7-7B,351,-118.48002612,34.00964028,"(34.00964028, -118.48002612)"
280,7-11,351,-118.4792925,34.00906335,"(34.00906335, -118.47929250)"
281,7-17,3,-118.47856457,34.00891772,"(34.00891772, -118.47856457)"
282,7-15A,352,-118.47859396,34.0085016,"(34.00850160, -118.47859396)"
283,6-2,182,-118.47799223,34.0080188,"(34.00801880, -118.47799223)"
284,6-59,351,-118.47772318,34.00830481,"(34.00830481, -118.47772318)"
285,6-60,350,-118.47676993,34.00886378,"(34.00886378, -118.47676993)"
286,7-243,350,-118.47576762,34.01056422,"(34.01056422, -118.47576762)"
287,7-250,351,-118.47729739,34.00967321,"(34.00967321, -118.47729739)"
288,7-216,171,-118.4780804,34.01051021,"(34.01051021, -118.47808040)"
289,7-222,171,-118.47654178,34.01141001,"(34.01141001, -118.47654178)"
290,7-205,266,-118.47753797,34.01204095,"(34.01204095, -118.47753797)"
291,7-186,171,-118.47926017,34.01152921,"(34.01152921, -118.47926017)"
292,7-173,170,-118.47999616,34.01224423,"(34.01224423, -118.47999616)"
293,7-176,266,-118.47827152,34.0127064,"(34.01270640, -118.47827152)"
294,7-164,266,-118.47900309,34.01349275,"(34.01349275, -118.47900309)"
295,7-136,78,-118.48014342,34.01388736,"(34.01388736, -118.48014342)"
296,7-142,348,-118.48090946,34.01327014,"(34.01327014, -118.48090946)"
297,7-120,181,-118.4837315,34.01473118,"(34.01473118, -118.48373150)"
298,7-116,180,-118.48282032,34.01547072,"(34.01547072, -118.48282032)"
299,7-111A,0,-118.48197222,34.01596827,"(34.01596827, -118.48197222)"
314,6-56,351,-118.47683067,34.00770803,"(34.00770803, -118.47683067)"
315,6-75,356,-118.47585824,34.00827284,"(34.00827284, -118.47585824)"
316,6-74A,355,-118.47519877,34.00865699,"(34.00865699, -118.47519877)"
317,6-60B,355,-118.4757722,34.00944131,"(34.00944131, -118.47577220)"
318,6-67,356,-118.47504685,34.00986139,"(34.00986139, -118.47504685)"
319,6-79,355,-118.47383718,34.00827453,"(34.00827453, -118.47383718)"
320,6-87,81,-118.4730345,34.00775566,"(34.00775566, -118.47303450)"
321,6-76,355,-118.47518451,34.00750195,"(34.00750195, -118.47518451)"
322,6-98,175,-118.4736435,34.00638816,"(34.00638816, -118.47364350)"
324,6-45,355,-118.47335683,34.00494384,"(34.00494384, -118.47335683)"
325,6-99,81,-118.47153129,34.00625253,"(34.00625253, -118.47153129)"
326,6-160,80,-118.47012078,34.00592545,"(34.00592545, -118.47012078)"
327,6-162,81,-118.46973091,34.0055176,"(34.00551760, -118.46973091)"
328,6-132,351,-118.46889301,34.00438527,"(34.00438527, -118.46889301)"
330,6-26,349,-118.47029856,34.00275715,"(34.00275715, -118.47029856)"
331,6-122,351,-118.47088048,34.00322373,"(34.00322373, -118.47088048)"
332,6-117,260,-118.47044826,34.00480371,"(34.00480371, -118.47044826)"
334,6-36,350,-118.47177216,34.00378667,"(34.00378667, -118.47177216)"
335,6-11,176,-118.47279595,34.0040544,"(34.00405440, -118.47279595)"
336,6-7F,175,-118.47418529,34.00509048,"(34.00509048, -118.47418529)"
337,6-7E,355,-118.47484985,34.00559452,"(34.00559452, -118.47484985)"
338,6-50,171,-118.47455254,34.00585992,"(34.00585992, -118.47455254)"
339,6-54,351,-118.47605284,34.00699622,"(34.00699622, -118.47605284)"
340,6-48A,274,-118.475589,34.00620811,"(34.00620811, -118.47558900)"
360,6-130,171,-118.46814233,34.00410127,"(34.00410127, -118.46814233)"
361,6-129,351,-118.46923693,34.00333835,"(34.00333835, -118.46923693)"
362,10-24,90,-118.50565217,34.03655424,"(34.03655424, -118.50565217)"
363,10-29,90,-118.50487827,34.03589682,"(34.03589682, -118.50487827)"
364,10-2,207,-118.50572653,34.03780893,"(34.03780893, -118.50572653)"
365,10-1,188,-118.50500938,34.0389662,"(34.03896620, -118.50500938)"
366,10-26,0,-118.5054028,34.03762422,"(34.03762422, -118.50540280)"
367,10-28,0,-118.50478004,34.03864833,"(34.03864833, -118.50478004)"
368,11-31,90,-118.50372459,34.03963235,"(34.03963235, -118.50372459)"
369,10-47,30,-118.50434629,34.03668813,"(34.03668813, -118.50434629)"
370,10-50,19,-118.50384273,34.03783899,"(34.03783899, -118.50384273)"
371,10-70,180,-118.50292003,34.03427208,"(34.03427208, -118.50292003)"
372,10-54,270,-118.50303182,34.0364891,"(34.03648910, -118.50303182)"
373,10-65,181,-118.50196093,34.03504717,"(34.03504717, -118.50196093)"
374,11-86,0,-118.503056,34.03872057,"(34.03872057, -118.50305600)"
375,10-60,180,-118.50102762,34.03580876,"(34.03580876, -118.50102762)"
376,11-131,90,-118.50014985,34.03657892,"(34.03657892, -118.50014985)"
377,11-124,180,-118.4991654,34.0373711,"(34.03737110, -118.49916540)"
378,11-24,179,-118.50399566,34.0399418,"(34.03994180, -118.50399566)"
379,11-89,90,-118.50153514,34.03776141,"(34.03776141, -118.50153514)"
380,11-82,360,-118.50211807,34.03950844,"(34.03950844, -118.50211807)"
381,11-77,0,-118.5011644,34.04025274,"(34.04025274, -118.50116440)"
385,11-138,0,-118.49752046,34.03595957,"(34.03595957, -118.49752046)"
386,10-97,360,-118.4995058,34.03450942,"(34.03450942, -118.49950580)"
387,11-134,359,-118.49855962,34.03527796,"(34.03527796, -118.49855962)"
388,10-90,1,-118.50139159,34.03298183,"(34.03298183, -118.50139159)"
389,10-108,0,-118.49956831,34.03193124,"(34.03193124, -118.49956831)"
391,10-103,90,-118.49760187,34.0335431,"(34.03354310, -118.49760187)"
392,10-143,360,-118.4961498,34.03126952,"(34.03126952, -118.49614980)"
393,11-165,1,-118.49670158,34.03421209,"(34.03421209, -118.49670158)"
395,11-224,180,-118.49419885,34.03311483,"(34.03311483, -118.49419885)"
396,10-141,0,-118.49709969,34.03049999,"(34.03049999, -118.49709969)"
397,9-79,0,-118.49553121,34.02916368,"(34.02916368, -118.49553121)"
398,9-82,360,-118.49458265,34.02993013,"(34.02993013, -118.49458265)"
399,11-226,360,-118.4952007,34.03203632,"(34.03203632, -118.49520070)"
400,12-1,360,-118.49363968,34.03069578,"(34.03069578, -118.49363968)"
401,12-4,360,-118.49269513,34.0314607,"(34.03146070, -118.49269513)"
402,12-9,0,-118.49174888,34.03222687,"(34.03222687, -118.49174888)"
410,9-57,0,-118.49432256,34.02758696,"(34.02758696, -118.49432256)"
411,9-76,360,-118.49328176,34.02833326,"(34.02833326, -118.49328176)"
412,9-88,0,-118.49243229,34.02911598,"(34.02911598, -118.49243229)"
413,12-61,0,-118.4914235,34.02983487,"(34.02983487, -118.49142350)"
414,12-59,0,-118.49054224,34.03064539,"(34.03064539, -118.49054224)"
415,9-52,360,-118.49308425,34.0258538,"(34.02585380, -118.49308425)"
416,9-74,360,-118.4921402,34.02661843,"(34.02661843, -118.49214020)"
417,9-66,180,-118.49096782,34.0252346,"(34.02523460, -118.49096782)"
418,8-15,180,-118.49007684,34.02326772,"(34.02326772, -118.49007684)"
419,8-10,180,-118.48911986,34.02404287,"(34.02404287, -118.48911986)"
420,9-67,180,-118.49004822,34.02597478,"(34.02597478, -118.49004822)"
421,9-91,360,-118.49118692,34.02739023,"(34.02739023, -118.49118692)"
422,12-139,180,-118.48905467,34.02678827,"(34.02678827, -118.48905467)"
423,8-5,180,-118.48818534,34.02479966,"(34.02479966, -118.48818534)"
424,12-68,360,-118.49025275,34.028149,"(34.02814900, -118.49025275)"
425,12-72,360,-118.48931045,34.02891407,"(34.02891407, -118.48931045)"
426,12-136,90,-118.48784144,34.02774958,"(34.02774958, -118.48784144)"
427,13-41,180,-118.48723519,34.02556923,"(34.02556923, -118.48723519)"
443,13-49,359,-118.48383237,34.02545736,"(34.02545736, -118.48383237)"
444,13-85,180,-118.48471909,34.02500603,"(34.02500603, -118.48471909)"
445,13-45,0,-118.48477306,34.02469567,"(34.02469567, -118.48477306)"
446,13-88,180,-118.48567146,34.02423846,"(34.02423846, -118.48567146)"
447,13-42,0,-118.4855083,34.02410233,"(34.02410233, -118.48550830)"
448,8-52,180,-118.48661171,34.02346952,"(34.02346952, -118.48661171)"
449,8-47,0,-118.48645263,34.02333187,"(34.02333187, -118.48645263)"
450,8-81,0,-118.48488649,34.02199554,"(34.02199554, -118.48488649)"
451,8-58,180,-118.48850885,34.02193492,"(34.02193492, -118.48850885)"
452,13-91,0,-118.48299644,34.02353001,"(34.02353001, -118.48299644)"
453,13-137,180,-118.48159627,34.02232566,"(34.02232566, -118.48159627)"
454,13-139,180,-118.48253983,34.02155773,"(34.02155773, -118.48253983)"
455,13-140,180,-118.48275101,34.02139011,"(34.02139011, -118.48275101)"
456,8-89,180,-118.48348138,34.02079523,"(34.02079523, -118.48348138)"
457,8-93,180,-118.48442608,34.02003208,"(34.02003208, -118.48442608)"
458,8-95,90,-118.48534985,34.01928397,"(34.01928397, -118.48534985)"
459,8-75,0,-118.48678074,34.02046334,"(34.02046334, -118.48678074)"
460,8-77,0,-118.48583431,34.02122985,"(34.02122985, -118.48583431)"
461,14-41,90,-118.47948901,34.0202577,"(34.02025770, -118.47948901)"
462,7-83,0,-118.48314761,34.01730604,"(34.01730604, -118.48314761)"
463,7-64,180,-118.48350447,34.01760746,"(34.01760746, -118.48350447)"
464,7-85,0,-118.48235377,34.01795055,"(34.01795055, -118.48235377)"
465,7-62,180,-118.48273183,34.01818873,"(34.01818873, -118.48273183)"
466,14-32,0,-118.48047392,34.01947673,"(34.01947673, -118.48047392)"
467,7-90,0,-118.48126044,34.01883819,"(34.01883819, -118.48126044)"
468,14-31,180,-118.4808778,34.01964878,"(34.01964878, -118.48087780)"
469,7-57,180,-118.48158887,34.01912137,"(34.01912137, -118.48158887)"
470,7-50,90,-118.48242815,34.02057373,"(34.02057373, -118.48242815)"
490,7-237,261,-118.47242721,34.01247104,"(34.01247104, -118.47242721)"
491,7-235,261,-118.47307302,34.0131313,"(34.01313130, -118.47307302)"
494,7-239,261,-118.47404814,34.01151306,"(34.01151306, -118.47404814)"
495,7-227,261,-118.47472251,34.01217664,"(34.01217664, -118.47472251)"
496,7-203,260,-118.4755255,34.01296382,"(34.01296382, -118.47552550)"
497,7-190,261,-118.4762006,34.01363076,"(34.01363076, -118.47620060)"
498,7-160,261,-118.47707561,34.01448778,"(34.01448778, -118.47707561)"
499,7-154,358,-118.47594035,34.01582045,"(34.01582045, -118.47594035)"
500,7-149,356,-118.47767659,34.01498946,"(34.01498946, -118.47767659)"
501,7-148,356,-118.47848907,34.01455338,"(34.01455338, -118.47848907)"
502,7-146,355,-118.47926377,34.01414211,"(34.01414211, -118.47926377)"
503,7-110,180,-118.48183953,34.01626391,"(34.01626391, -118.48183953)"
504,7-103,180,-118.48090129,34.01702388,"(34.01702388, -118.48090129)"
505,7-97,180,-118.47995413,34.01778708,"(34.01778708, -118.47995413)"
506,14-115,180,-118.4792747,34.01833867,"(34.01833867, -118.47927470)"
507,14-104,360,-118.47817713,34.01904018,"(34.01904018, -118.47817713)"
508,14-119,180,-118.47783002,34.01748936,"(34.01748936, -118.47783002)"
509,7-133,259,-118.47689308,34.01562823,"(34.01562823, -118.47689308)"
510,7-112C,90,-118.48064358,34.01516141,"(34.01516141, -118.48064358)"
519,15-46,34,-118.46401921,34.00786974,"(34.00786974, -118.46401921)"
520,15-67,318,-118.46528516,34.00854764,"(34.00854764, -118.46528516)"
521,15-68,351,-118.46569407,34.00939741,"(34.00939741, -118.46569407)"
522,15-7,351,-118.46838453,34.01145207,"(34.01145207, -118.46838453)"
524,6-210,86,-118.46871184,34.00908079,"(34.00908079, -118.46871184)"
525,6-151,81,-118.46615565,34.00621309,"(34.00621309, -118.46615565)"
526,6-150,81,-118.46686491,34.0057968,"(34.00579680, -118.46686491)"
527,6-146,171,-118.46804062,34.00631937,"(34.00631937, -118.46804062)"
528,6-140,350,-118.4676573,34.00509767,"(34.00509767, -118.46765730)"
529,6-139,81,-118.46883406,34.00603283,"(34.00603283, -118.46883406)"
530,6-155,351,-118.46771307,34.0072064,"(34.00720640, -118.46771307)"
531,6-158,351,-118.46868336,34.00664134,"(34.00664134, -118.46868336)"
532,6-169,86,-118.4696054,34.00737679,"(34.00737679, -118.46960540)"
533,6-170,86,-118.47016971,34.00793602,"(34.00793602, -118.47016971)"
534,6-175,351,-118.46943016,34.00843894,"(34.00843894, -118.46943016)"
535,6-176,89,-118.4709447,34.00868875,"(34.00868875, -118.47094470)"
536,6-181,350,-118.4700935,34.00924755,"(34.00924755, -118.47009350)"
537,6-182,86,-118.47171708,34.00940667,"(34.00940667, -118.47171708)"
538,6-89,351,-118.47198561,34.00815121,"(34.00815121, -118.47198561)"
539,6-94,351,-118.47125497,34.00737368,"(34.00737368, -118.47125497)"
540,6-165,352,-118.47066265,34.00651736,"(34.00651736, -118.47066265)"
541,15-2,265,-118.46930053,34.01200836,"(34.01200836, -118.46930053)"
542,6-195,266,-118.4716916,34.01178177,"(34.01178177, -118.47169160)"
543,6-190,266,-118.47333741,34.01081182,"(34.01081182, -118.47333741)"
552,15-35,126,-118.46418713,34.00724601,"(34.00724601, -118.46418713)"
555,11-35,269,-118.50196746,34.04100705,"(34.04100705, -118.50196746)"
556,11-17,257,-118.50233664,34.04201371,"(34.04201371, -118.50233664)"
557,11-38,269,-118.5009638,34.04179736,"(34.04179736, -118.50096380)"
558,11-73,360,-118.50016969,34.04098419,"(34.04098419, -118.50016969)"
559,11-68,0,-118.49909332,34.04046753,"(34.04046753, -118.49909332)"
560,11-63,360,-118.4982461,34.04115528,"(34.04115528, -118.49824610)"
561,11-58,360,-118.49739302,34.04184421,"(34.04184421, -118.49739302)"
562,11-40,269,-118.50010822,34.04249183,"(34.04249183, -118.50010822)"
563,11-114,180,-118.49740241,34.03903475,"(34.03903475, -118.49740241)"
564,11-109,180,-118.4965669,34.03971856,"(34.03971856, -118.49656690)"
565,11-119,182,-118.4983607,34.0382505,"(34.03825050, -118.49836070)"
566,11-42,268,-118.49925047,34.0431625,"(34.04316250, -118.49925047)"
567,11-104,180,-118.4957099,34.04041239,"(34.04041239, -118.49570990)"
568,11-1,0,-118.4995934,34.04402545,"(34.04402545, -118.49959340)"
569,11-2,0,-118.49871541,34.04475965,"(34.04475965, -118.49871541)"
570,11-44,269,-118.49837561,34.04383645,"(34.04383645, -118.49837561)"
571,11-53,0,-118.49657635,34.04254183,"(34.04254183, -118.49657635)"
572,11-52,360,-118.49572253,34.04320244,"(34.04320244, -118.49572253)"
573,11-99,180,-118.49486515,34.04109721,"(34.04109721, -118.49486515)"
574,11-94,180,-118.49402047,34.04178225,"(34.04178225, -118.49402047)"
575,11-46,269,-118.49749372,34.04451044,"(34.04451044, -118.49749372)"
578,11-164,270,-118.49209075,34.03986624,"(34.03986624, -118.49209075)"
579,11-160,270,-118.49294245,34.03918323,"(34.03918323, -118.49294245)"
580,11-156,270,-118.49379563,34.03850392,"(34.03850392, -118.49379563)"
581,11-152,270,-118.49464536,34.0378186,"(34.03781860, -118.49464536)"
582,11-148,90,-118.49537483,34.03722744,"(34.03722744, -118.49537483)"
583,11-142,1,-118.49636643,34.03655813,"(34.03655813, -118.49636643)"
584,11-207,180,-118.48976863,34.03671141,"(34.03671141, -118.48976863)"
585,11-209,180,-118.49060993,34.03603201,"(34.03603201, -118.49060993)"
587,11-174,360,-118.4946127,34.03505252,"(34.03505252, -118.49461270)"
588,11-221,180,-118.49325361,34.03388386,"(34.03388386, -118.49325361)"
589,11-216,180,-118.49230642,34.03465301,"(34.03465301, -118.49230642)"
590,11-212,180,-118.49146149,34.03534121,"(34.03534121, -118.49146149)"
591,12-13,360,-118.49079967,34.03299586,"(34.03299586, -118.49079967)"
592,12-20,1,-118.48889736,34.03454018,"(34.03454018, -118.48889736)"
593,12-29,0,-118.48794524,34.03531314,"(34.03531314, -118.48794524)"
608,12-53,360,-118.48923927,34.03163087,"(34.03163087, -118.48923927)"
610,12-45,0,-118.48764789,34.03292396,"(34.03292396, -118.48764789)"
611,12-42,359,-118.48712994,34.03334382,"(34.03334382, -118.48712994)"
612,12-39,0,-118.48617819,34.03411002,"(34.03411002, -118.48617819)"
613,19-85,0,-118.48541131,34.03472852,"(34.03472852, -118.48541131)"
614,12-98,90,-118.4855247,34.03194146,"(34.03194146, -118.48552470)"
615,12-147,90,-118.48388833,34.03055274,"(34.03055274, -118.48388833)"
616,13-13,90,-118.482586,34.02944123,"(34.02944123, -118.48258600)"
617,12-92,90,-118.48671008,34.03135282,"(34.03135282, -118.48671008)"
618,12-103,360,-118.48482324,34.03262988,"(34.03262988, -118.48482324)"
619,12-83,359,-118.48744888,34.03050567,"(34.03050567, -118.48744888)"
620,12-131,180,-118.48694048,34.02849497,"(34.02849497, -118.48694048)"
621,12-127,180,-118.48599587,34.02925968,"(34.02925968, -118.48599587)"
622,12-123,180,-118.48506449,34.03002359,"(34.03002359, -118.48506449)"
623,13-19,90,-118.48279384,34.02872069,"(34.02872069, -118.48279384)"
624,13-30,180,-118.48533253,34.02711756,"(34.02711756, -118.48533253)"
625,13-25,180,-118.48438341,34.02788447,"(34.02788447, -118.48438341)"
626,13-20,180,-118.48343834,34.02865361,"(34.02865361, -118.48343834)"
627,12-120,180,-118.48413941,34.03077434,"(34.03077434, -118.48413941)"
628,12-118,179,-118.48337167,34.0313923,"(34.03139230, -118.48337167)"
629,13-64,90,-118.48066448,34.02937592,"(34.02937592, -118.48066448)"
630,13-4,180,-118.48155726,34.03017213,"(34.03017213, -118.48155726)"
631,19-205,90,-118.48207362,34.03200208,"(34.03200208, -118.48207362)"
638,13-60,360,-118.47943896,34.02902019,"(34.02902019, -118.47943896)"
639,18-90,180,-118.47932509,34.0293793,"(34.02937930, -118.47932509)"
640,13-66,180,-118.4802169,34.02865891,"(34.02865891, -118.48021690)"
641,13-67,0,-118.48006896,34.02851228,"(34.02851228, -118.48006896)"
642,13-69,180,-118.48092872,34.02807926,"(34.02807926, -118.48092872)"
643,13-76,180,-118.48184354,34.02733663,"(34.02733663, -118.48184354)"
644,13-79,180,-118.48283495,34.02653756,"(34.02653756, -118.48283495)"
645,13-53,0,-118.48288909,34.02622304,"(34.02622304, -118.48288909)"
646,13-126,270,-118.47844982,34.02487063,"(34.02487063, -118.47844982)"
647,13-104,0,-118.47920405,34.02660291,"(34.02660291, -118.47920405)"
648,13-122,180,-118.47780549,34.02539722,"(34.02539722, -118.47780549)"
649,13-108,0,-118.47826013,34.02736913,"(34.02736913, -118.47826013)"
650,13-119,180,-118.4768317,34.02618,"(34.02618000, -118.47683170)"
652,14-62,90,-118.47453883,34.02412371,"(34.02412371, -118.47453883)"
654,14-56,270,-118.47569347,34.02330281,"(34.02330281, -118.47569347)"
655,14-51,0,-118.4765322,34.02271792,"(34.02271792, -118.47653220)"
656,14-18,270,-118.47698663,34.02275957,"(34.02275957, -118.47698663)"
657,13-131,180,-118.47969717,34.0238597,"(34.02385970, -118.47969717)"
658,13-142,270,-118.479706,34.0235474,"(34.02354740, -118.47970600)"
659,14-45,0,-118.47773589,34.02174082,"(34.02174082, -118.47773589)"
661,14-23A,180,-118.47861026,34.02198374,"(34.02198374, -118.47861026)"
662,13-82,180,-118.48377692,34.0257633,"(34.02576330, -118.48377692)"
663,13-129,0,-118.47892078,34.02422516,"(34.02422516, -118.47892078)"
664,13-134,180,-118.48064989,34.02309012,"(34.02309012, -118.48064989)"
665,13-116,180,-118.4761388,34.02674243,"(34.02674243, -118.47613880)"
680,14-140,90,-118.47308682,34.02129962,"(34.02129962, -118.47308682)"
681,14-148,180,-118.47205952,34.02207348,"(34.02207348, -118.47205952)"
685,14-150,90,-118.47118097,34.02124877,"(34.02124877, -118.47118097)"
686,14-74,0,-118.47439096,34.02211322,"(34.02211322, -118.47439096)"
687,14-80,0,-118.4753154,34.02136083,"(34.02136083, -118.47531540)"
688,14-133,180,-118.47398496,34.02052403,"(34.02052403, -118.47398496)"
697,15-168,81,-118.46585225,34.0152879,"(34.01528790, -118.46585225)"
698,15-155,171,-118.46800941,34.01522393,"(34.01522393, -118.46800941)"
699,15-157,81,-118.46690247,34.01485297,"(34.01485297, -118.46690247)"
700,15-161,81,-118.46612783,34.0139269,"(34.01392690, -118.46612783)"
701,15-153,84,-118.46881724,34.01449882,"(34.01449882, -118.46881724)"
702,15-148,81,-118.46811187,34.01381766,"(34.01381766, -118.46811187)"
703,15-140,109,-118.46562612,34.01334528,"(34.01334528, -118.46562612)"
704,15-136,81,-118.4644358,34.01375858,"(34.01375858, -118.46443580)"
705,15-62,34,-118.46382994,34.00862589,"(34.00862589, -118.46382994)"
706,15-72,321,-118.46261568,34.00893699,"(34.00893699, -118.46261568)"
707,15-128,261,-118.46621443,34.01170468,"(34.01170468, -118.46621443)"
708,15-110,261,-118.46545318,34.01094791,"(34.01094791, -118.46545318)"
709,15-108,260,-118.46467701,34.01018954,"(34.01018954, -118.46467701)"
710,15-89,261,-118.46391603,34.00944276,"(34.00944276, -118.46391603)"
711,15-85,80,-118.46226341,34.01015207,"(34.01015207, -118.46226341)"
712,15-104,81,-118.4629482,34.01096302,"(34.01096302, -118.46294820)"
713,15-115,81,-118.46362819,34.01177007,"(34.01177007, -118.46362819)"
714,15-131,351,-118.46660974,34.01248395,"(34.01248395, -118.46660974)"
715,15-138,351,-118.46346328,34.01431352,"(34.01431352, -118.46346328)"
716,16-1,350,-118.46260164,34.01481301,"(34.01481301, -118.46260164)"
717,16-87,351,-118.46308483,34.01513925,"(34.01513925, -118.46308483)"
730,16-18,260,-118.45797547,34.0104646,"(34.01046460, -118.45797547)"
731,16-22,256,-118.45718406,34.00952629,"(34.00952629, -118.45718406)"
732,15-76,81,-118.46004826,34.01020241,"(34.01020241, -118.46004826)"
733,15-55,80,-118.4593683,34.00939889,"(34.00939889, -118.45936830)"
734,15-51,78,-118.45877442,34.00869403,"(34.00869403, -118.45877442)"
735,15-74,80,-118.46157637,34.00934065,"(34.00934065, -118.46157637)"
736,15-57,80,-118.46090015,34.00853525,"(34.00853525, -118.46090015)"
737,15-47,171,-118.46047326,34.00773944,"(34.00773944, -118.46047326)"
738,15-61,323,-118.46262226,34.0082066,"(34.00820660, -118.46262226)"
739,15-42,324,-118.46264597,34.0075515,"(34.00755150, -118.46264597)"
740,16-17A,351,-118.45931622,34.01069485,"(34.01069485, -118.45931622)"
745,20-9,270,-118.49698928,34.04605431,"(34.04605431, -118.49698928)"
746,20-5,0,-118.49621184,34.04680455,"(34.04680455, -118.49621184)"
747,20-34,269,-118.49665592,34.0451807,"(34.04518070, -118.49665592)"
748,20-80,360,-118.49541276,34.04437704,"(34.04437704, -118.49541276)"
749,20-86,270,-118.49497403,34.04373988,"(34.04373988, -118.49497403)"
750,20-117,180,-118.49318246,34.04246628,"(34.04246628, -118.49318246)"
751,20-41,269,-118.49569912,34.04586389,"(34.04586389, -118.49569912)"
752,20-108,180,-118.49227425,34.04316442,"(34.04316442, -118.49227425)"
753,20-77,360,-118.49416789,34.04481939,"(34.04481939, -118.49416789)"
758,20-150,0,-118.4911248,34.0407095,"(34.04070950, -118.49112480)"
759,20-157,1,-118.48952724,34.03901462,"(34.03901462, -118.48952724)"
760,20-202,179,-118.48860008,34.0376578,"(34.03765780, -118.48860008)"
761,20-145,0,-118.49023477,34.04143381,"(34.04143381, -118.49023477)"
762,20-165,360,-118.48861541,34.03975277,"(34.03975277, -118.48861541)"
763,20-207,180,-118.48762089,34.03845303,"(34.03845303, -118.48762089)"
764,19-41,0,-118.48605596,34.03684108,"(34.03684108, -118.48605596)"
765,19-45,0,-118.48511218,34.03761104,"(34.03761104, -118.48511218)"
766,19-50,0,-118.48416173,34.03838446,"(34.03838446, -118.48416173)"
767,19-56,0,-118.48303699,34.03929742,"(34.03929742, -118.48303699)"
778,18-51,180,-118.48067845,34.03088248,"(34.03088248, -118.48067845)"
779,19-203,180,-118.48221994,34.03232147,"(34.03232147, -118.48221994)"
780,19-205A,268,-118.47980011,34.03388419,"(34.03388419, -118.47980011)"
781,19-146,270,-118.48145889,34.03529725,"(34.03529725, -118.48145889)"
782,19-129,90,-118.48464537,34.03431101,"(34.03431101, -118.48464537)"
783,19-134,0,-118.48365934,34.03357052,"(34.03357052, -118.48365934)"
784,19-139,0,-118.48293208,34.03416121,"(34.03416121, -118.48293208)"
785,19-142,0,-118.48213712,34.03480267,"(34.03480267, -118.48213712)"
786,19-199,180,-118.48148233,34.03291842,"(34.03291842, -118.48148233)"
787,19-198,180,-118.480691,34.03356204,"(34.03356204, -118.48069100)"
788,19-102,180,-118.4844663,34.03579037,"(34.03579037, -118.48446630)"
789,19-98,180,-118.4835315,34.03655494,"(34.03655494, -118.48353150)"
790,19-90,90,-118.48163604,34.03808529,"(34.03808529, -118.48163604)"
791,19-94,180,-118.48258101,34.03733031,"(34.03733031, -118.48258101)"
792,19-151,269,-118.48065068,34.0359425,"(34.03594250, -118.48065068)"
793,19-194,180,-118.47989501,34.03420482,"(34.03420482, -118.47989501)"
794,19-190,180,-118.47907952,34.03486659,"(34.03486659, -118.47907952)"
795,19-189,180,-118.47827153,34.03552256,"(34.03552256, -118.47827153)"
796,19-188,180,-118.47767181,34.03600931,"(34.03600931, -118.47767181)"
797,19-157,90,-118.47973713,34.03669932,"(34.03669932, -118.47973713)"
798,19-206A,269,-118.47825129,34.0351985,"(34.03519850, -118.47825129)"
799,19-206,90,-118.47887934,34.03463607,"(34.03463607, -118.47887934)"
800,18-75,89,-118.47656042,34.0326587,"(34.03265870, -118.47656042)"
801,18-28,180,-118.47827425,34.03283195,"(34.03283195, -118.47827425)"
802,18-21,180,-118.47744699,34.03350138,"(34.03350138, -118.47744699)"
820,18-72,89,-118.47603274,34.03220519,"(34.03220519, -118.47603274)"
821,18-91,360,-118.47743733,34.03063728,"(34.03063728, -118.47743733)"
822,18-82,180,-118.47769457,34.03070259,"(34.03070259, -118.47769457)"
823,18-85,180,-118.47856117,34.02999747,"(34.02999747, -118.47856117)"
824,18-105,0,-118.47514724,34.03249193,"(34.03249193, -118.47514724)"
825,18-103,0,-118.47591115,34.03188343,"(34.03188343, -118.47591115)"
826,18-100,0,-118.4764577,34.03143789,"(34.03143789, -118.47645770)"
827,18-97,90,-118.47621251,34.03057943,"(34.03057943, -118.47621251)"
828,18-122,90,-118.47560206,34.03094576,"(34.03094576, -118.47560206)"
829,18-86,270,-118.47875074,34.02951715,"(34.02951715, -118.47875074)"
830,18-125,270,-118.47809608,34.02895528,"(34.02895528, -118.47809608)"
831,18-129,360,-118.47588334,34.02929398,"(34.02929398, -118.47588334)"
832,18-135,0,-118.4749452,34.03004448,"(34.03004448, -118.47494520)"
833,18-135A,0,-118.47422819,34.03062643,"(34.03062643, -118.47422819)"
834,18-136,0,-118.47355796,34.03117041,"(34.03117041, -118.47355796)"
835,18-137,360,-118.47273187,34.03178369,"(34.03178369, -118.47273187)"
836,18-156,180,-118.47186973,34.03023852,"(34.03023852, -118.47186973)"
837,18-161,180,-118.47359957,34.02883571,"(34.02883571, -118.47359957)"
838,18-157,180,-118.47267796,34.02958623,"(34.02958623, -118.47267796)"
839,18-171,0,-118.4729006,34.02909639,"(34.02909639, -118.47290060)"
840,18-166,180,-118.47408782,34.02840717,"(34.02840717, -118.47408782)"
843,17-148,90,-118.4717864,34.02685386,"(34.02685386, -118.47178640)"
844,17-146,90,-118.47035413,34.02563693,"(34.02563693, -118.47035413)"
845,17-153,160,-118.47147166,34.02760986,"(34.02760986, -118.47147166)"
846,18-176,250,-118.47023954,34.02953306,"(34.02953306, -118.47023954)"
849,17-78,0,-118.46521311,34.02484249,"(34.02484249, -118.46521311)"
850,17-36,351,-118.46256138,34.02305193,"(34.02305193, -118.46256138)"
852,17-87,90,-118.46625084,34.02422215,"(34.02422215, -118.46625084)"
854,17-33,351,-118.46359457,34.02249815,"(34.02249815, -118.46359457)"
855,17-30,350,-118.46464795,34.02194226,"(34.02194226, -118.46464795)"
857,17-9,261,-118.46455567,34.02020472,"(34.02020472, -118.46455567)"
867,16-122,351,-118.46344003,34.01883596,"(34.01883596, -118.46344003)"
869,16-113,350,-118.46534315,34.01772776,"(34.01772776, -118.46534315)"
870,16-103,261,-118.46220694,34.01741186,"(34.01741186, -118.46220694)"
871,16-89,350,-118.46203331,34.01573787,"(34.01573787, -118.46203331)"
872,16-59,351,-118.46066091,34.01595048,"(34.01595048, -118.46066091)"
881,19-17,270,-118.48238518,34.04008263,"(34.04008263, -118.48238518)"
882,19-4,0,-118.482678,34.04218893,"(34.04218893, -118.48267800)"
883,19-6,0,-118.48176409,34.04293453,"(34.04293453, -118.48176409)"
884,19-2,270,-118.48129002,34.04075333,"(34.04075333, -118.48129002)"
885,19-7,270,-118.48031151,34.04148589,"(34.04148589, -118.48031151)"
886,21-14,0,-118.4808286,34.04369573,"(34.04369573, -118.48082860)"
887,21-12,270,-118.4794085,34.04225154,"(34.04225154, -118.47940850)"
890,21-17,89,-118.47973167,34.0443014,"(34.04430140, -118.47973167)"
891,21-20,90,-118.47824702,34.04303458,"(34.04303458, -118.47824702)"
892,21-46,292,-118.47793472,34.04382295,"(34.04382295, -118.47793472)"
896,21-45,270,-118.47655047,34.04280819,"(34.04280819, -118.47655047)"
897,21-21,90,-118.47701592,34.04198338,"(34.04198338, -118.47701592)"
898,21-25,90,-118.47588619,34.0410187,"(34.04101870, -118.47588619)"
899,21-10,180,-118.47798304,34.04100659,"(34.04100659, -118.47798304)"
900,19-12,180,-118.47985796,34.03949064,"(34.03949064, -118.47985796)"
901,19-13,180,-118.48061722,34.03886863,"(34.03886863, -118.48061722)"
902,19-9,180,-118.47875237,34.04038579,"(34.04038579, -118.47875237)"
903,19-160,0,-118.47900078,34.03723767,"(34.03723767, -118.47900078)"
904,19-161,270,-118.47813386,34.03805885,"(34.03805885, -118.47813386)"
905,19-183C,180,-118.4765433,34.03692716,"(34.03692716, -118.47654330)"
906,19-209,270,-118.47649909,34.0366167,"(34.03661670, -118.47649909)"
908,19-183A,180,-118.47583644,34.03750084,"(34.03750084, -118.47583644)"
909,21-6,270,-118.47632762,34.03962523,"(34.03962523, -118.47632762)"
911,21-1,180,-118.47483934,34.03831199,"(34.03831199, -118.47483934)"
914,19-208,270,-118.4773837,34.0358344,"(34.03583440, -118.47738370)"
915,18-12,270,-118.47582128,34.03451118,"(34.03451118, -118.47582128)"
916,18-8,270,-118.47512448,34.03548489,"(34.03548489, -118.47512448)"
918,19-210,0,-118.47569718,34.03726884,"(34.03726884, -118.47569718)"
920,18-1,180,-118.47410859,34.03621519,"(34.03621519, -118.47410859)"
921,22-24,90,-118.47309029,34.03705312,"(34.03705312, -118.47309029)"
922,21-3,270,-118.47463555,34.03813534,"(34.03813534, -118.47463555)"
923,22-24A,90,-118.47365331,34.03753485,"(34.03753485, -118.47365331)"
924,22-31,90,-118.47186642,34.03600939,"(34.03600939, -118.47186642)"
925,22-29,90,-118.47232322,34.03639896,"(34.03639896, -118.47232322)"
926,22-33,270,-118.47111992,34.0367486,"(34.03674860, -118.47111992)"
927,22-19,271,-118.47226451,34.0377257,"(34.03772570, -118.47226451)"
928,21-32,0,-118.47371241,34.03887045,"(34.03887045, -118.47371241)"
930,21-31,180,-118.47371219,34.03921705,"(34.03921705, -118.47371219)"
931,22-15,180,-118.47130942,34.03844157,"(34.03844157, -118.47130942)"
932,21-28,270,-118.47459578,34.03971601,"(34.03971601, -118.47459578)"
955,18-191,175,-118.46545935,34.03020913,"(34.03020913, -118.46545935)"
956,23-41B,180,-118.46470353,34.03079095,"(34.03079095, -118.46470353)"
957,18-186,90,-118.46707503,34.03124483,"(34.03124483, -118.46707503)"
958,18-184,90,-118.46773996,34.03181087,"(34.03181087, -118.46773996)"
959,18-188,102,-118.46616076,34.03065887,"(34.03065887, -118.46616076)"
960,18-183,90,-118.46857774,34.03252702,"(34.03252702, -118.46857774)"
961,18-181,0,-118.46841147,34.0309668,"(34.03096680, -118.46841147)"
962,18-180,360,-118.46931677,34.03022445,"(34.03022445, -118.46931677)"
963,22-125,180,-118.46834503,34.03305833,"(34.03305833, -118.46834503)"
964,18-145,270,-118.46959291,34.0320943,"(34.03209430, -118.46959291)"
965,18-147A,0,-118.46936627,34.03196479,"(34.03196479, -118.46936627)"
966,18-151,0,-118.47018852,34.03129749,"(34.03129749, -118.47018852)"
967,18-152A,0,-118.47088588,34.03076212,"(34.03076212, -118.47088588)"
968,18-153,270,-118.4713682,34.03069501,"(34.03069501, -118.47136820)"
969,18-140,0,-118.47186841,34.03254164,"(34.03254164, -118.47186841)"
970,18-143,0,-118.47100388,34.03324135,"(34.03324135, -118.47100388)"
971,22-74,0,-118.46994429,34.03410125,"(34.03410125, -118.46994429)"
972,22-76,0,-118.46899582,34.03487096,"(34.03487096, -118.46899582)"
973,22-79,0,-118.46805346,34.03562992,"(34.03562992, -118.46805346)"
974,18-149,270,-118.47113733,34.03196028,"(34.03196028, -118.47113733)"
975,22-97,0,-118.46883317,34.0332186,"(34.03321860, -118.46883317)"
976,22-122,270,-118.46758677,34.03372408,"(34.03372408, -118.46758677)"
977,22-119,180,-118.46663182,34.03444283,"(34.03444283, -118.46663182)"
978,23-41,180,-118.4639269,34.03141925,"(34.03141925, -118.46392690)"
979,18-67,270,-118.47449819,34.03337609,"(34.03337609, -118.47449819)"
981,18-115,180,-118.47206189,34.03438983,"(34.03438983, -118.47206189)"
982,22-52,0,-118.4709269,34.03518916,"(34.03518916, -118.47092690)"
983,22-54,180,-118.47015886,34.03593475,"(34.03593475, -118.47015886)"
990,23-54,153,-118.46331549,34.03029622,"(34.03029622, -118.46331549)"
994,23-88,329,-118.46023456,34.02815186,"(34.02815186, -118.46023456)"
995,23-85,329,-118.46128728,34.02793383,"(34.02793383, -118.46128728)"
996,23-135,255,-118.45930398,34.02650253,"(34.02650253, -118.45930398)"
997,23-144,257,-118.45876767,34.02575123,"(34.02575123, -118.45876767)"
998,23-132,166,-118.45949528,34.02590644,"(34.02590644, -118.45949528)"
999,23-101,329,-118.46095719,34.02707442,"(34.02707442, -118.46095719)"
1001,23-106,239,-118.46219983,34.02695165,"(34.02695165, -118.46219983)"
1002,23-128,180,-118.46109941,34.02616788,"(34.02616788, -118.46109941)"
1003,23-130,90,-118.46021963,34.02537371,"(34.02537371, -118.46021963)"
1004,23-155,261,-118.45739749,34.02569368,"(34.02569368, -118.45739749)"
1005,23-152,257,-118.45842137,34.02518728,"(34.02518728, -118.45842137)"
1006,23-149,258,-118.45942043,34.02465496,"(34.02465496, -118.45942043)"
1007,17-50,0,-118.46212991,34.02542777,"(34.02542777, -118.46212991)"
1008,23-98,239,-118.45993449,34.02747515,"(34.02747515, -118.45993449)"
1009,23-79,329,-118.46388945,34.02824473,"(34.02824473, -118.46388945)"
1033,24-24,168,-118.44993776,34.01401406,"(34.01401406, -118.44993776)"
1037,21-88,329,-118.4779415,34.04625118,"(34.04625118, -118.47794150)"
1038,21-86,281,-118.47621419,34.04531971,"(34.04531971, -118.47621419)"
1040,21-53,270,-118.47557913,34.04341104,"(34.04341104, -118.47557913)"
1042,21-41,180,-118.47498151,34.04171553,"(34.04171553, -118.47498151)"
1043,21-83,270,-118.4734427,34.0429936,"(34.04299360, -118.47344270)"
1044,21-84,270,-118.47454861,34.04395333,"(34.04395333, -118.47454861)"
1045,21-79,271,-118.47232098,34.04202782,"(34.04202782, -118.47232098)"
1046,21-78,180,-118.47134346,34.04114167,"(34.04114167, -118.47134346)"
1047,21-63,270,-118.47222983,34.04053867,"(34.04053867, -118.47222983)"
1048,21-64,90,-118.47303747,34.04142134,"(34.04142134, -118.47303747)"
1049,21-72,360,-118.47226586,34.04006818,"(34.04006818, -118.47226586)"
1050,21-36,0,-118.4727384,34.03966063,"(34.03966063, -118.47273840)"
1051,22-8A,90,-118.47092661,34.0399282,"(34.03992820, -118.47092661)"
1052,22-7,180,-118.47020409,34.03932866,"(34.03932866, -118.47020409)"
1053,22-12,270,-118.4706632,34.03878045,"(34.03878045, -118.47066320)"
1066,22-47,90,-118.46871213,34.0380277,"(34.03802770, -118.46871213)"
1067,22-65,0,-118.46807424,34.03749528,"(34.03749528, -118.46807424)"
1068,22-48,90,-118.46941462,34.03706072,"(34.03706072, -118.46941462)"
1069,22-116,90,-118.46556659,34.03534287,"(34.03534287, -118.46556659)"
1070,22-85,0,-118.46708798,34.03640763,"(34.03640763, -118.46708798)"
1071,23-1,0,-118.46423833,34.03552151,"(34.03552151, -118.46423833)"
1072,23-21,90,-118.46396604,34.03398605,"(34.03398605, -118.46396604)"
1073,23-34,90,-118.46243761,34.03267553,"(34.03267553, -118.46243761)"
1074,23-17,180,-118.46484776,34.0332448,"(34.03324480, -118.46484776)"
1075,23-22,269,-118.46360541,34.03423885,"(34.03423885, -118.46360541)"
1076,23-25,270,-118.46166558,34.0332963,"(34.03329630, -118.46166558)"
1077,23-36,180,-118.4631218,34.03207254,"(34.03207254, -118.46312180)"
1085,23-28,270,-118.46095989,34.03269321,"(34.03269321, -118.46095989)"
1086,23-45,240,-118.46094308,34.03111413,"(34.03111413, -118.46094308)"
1087,23-52,150,-118.46088884,34.03082505,"(34.03082505, -118.46088884)"
1088,23-157,351,-118.45622278,34.02632716,"(34.02632716, -118.45622278)"
1089,23-124,346,-118.45666059,34.02717256,"(34.02717256, -118.45666059)"
1090,23-117,289,-118.45513034,34.02892975,"(34.02892975, -118.45513034)"
1091,23-57,19,-118.45627277,34.02934197,"(34.02934197, -118.45627277)"
1092,23-59,90,-118.45698791,34.02904922,"(34.02904922, -118.45698791)"
1093,23-50,239,-118.45716008,34.02981151,"(34.02981151, -118.45716008)"
1094,23-64,329,-118.45868961,34.02930493,"(34.02930493, -118.45868961)"
1098,23-91,329,-118.45932507,34.02833205,"(34.02833205, -118.45932507)"
1099,23-47A,330,-118.45975728,34.03107155,"(34.03107155, -118.45975728)"
1100,23-48,329,-118.45768726,34.03145826,"(34.03145826, -118.45768726)"
1117,11-194,0,-118.49129798,34.03755104,"(34.03755104, -118.49129798)"
1118,18-126,0,-118.47727309,34.02816391,"(34.02816391, -118.47727309)"
1121,19-201A,270,-118.48136471,34.0325556,"(34.03255560, -118.48136471)"
1122,11-184,0,-118.49302405,34.03616816,"(34.03616816, -118.49302405)"
1123,11-189,4,-118.49212364,34.03690787,"(34.03690787, -118.49212364)"
1124,11-199,360,-118.490407,34.03828993,"(34.03828993, -118.49040700)"
1127,6-68,353,-118.47432508,34.00915917,"(34.00915917, -118.47432508)"
1128,6-199,263,-118.47093512,34.01100656,"(34.01100656, -118.47093512)"
1132,15-125,83,-118.46430322,34.01258245,"(34.01258245, -118.46430322)"
1134,16-13,254,-118.45935904,34.01208428,"(34.01208428, -118.45935904)"
1135,16-16,261,-118.45865355,34.01128186,"(34.01128186, -118.45865355)"
1148,11-15,180,-118.50113885,34.04217467,"(34.04217467, -118.50113885)"
1149,11-21,175,-118.50206202,34.04145095,"(34.04145095, -118.50206202)"
1150,11-13,178,-118.50028904,34.04283555,"(34.04283555, -118.50028904)"
1151,11-8,180,-118.49932344,34.04358755,"(34.04358755, -118.49932344)"
1152,11-3,180,-118.49771724,34.04485409,"(34.04485409, -118.49771724)"
1153,11-6,180,-118.49855997,34.04420367,"(34.04420367, -118.49855997)"
1154,20-31,180,-118.49683967,34.04554404,"(34.04554404, -118.49683967)"
1155,20-27,180,-118.49588134,34.04629204,"(34.04629204, -118.49588134)"
1162,6-9A,356,-118.47337623,34.00448475,"(34.00448475, -118.47337623)"
1167,17-4,258,-118.46261832,34.02137663,"(34.02137663, -118.46261832)"
1169,18-93,270,-118.47664709,34.03001026,"(34.03001026, -118.47664709)"
1172,15-10,262,-118.46797128,34.01071623,"(34.01071623, -118.46797128)"
1173,15-13,263,-118.46719951,34.00994645,"(34.00994645, -118.46719951)"
1179,15-26,81,-118.46505822,34.00685354,"(34.00685354, -118.46505822)"
1183,15-32,167,-118.46411402,34.00581495,"(34.00581495, -118.46411402)"
1202,16-7,263,-118.46072086,34.01370263,"(34.01370263, -118.46072086)"
1203,16-9,264,-118.46003617,34.01288978,"(34.01288978, -118.46003617)"
1204,15-23,160,-118.46594433,34.00793271,"(34.00793271, -118.46594433)"
1214,23-110,90,-118.45711901,34.02818701,"(34.02818701, -118.45711901)"
1215,23-112,180,-118.45712114,34.02801372,"(34.02801372, -118.45712114)"
1216,23-114,167,-118.45614421,34.0286069,"(34.02860690, -118.45614421)"
1217,23-162,351,-118.45513635,34.02687838,"(34.02687838, -118.45513635)"
1218,23-163,350,-118.45430214,34.02727652,"(34.02727652, -118.45430214)"
1219,23-168,261,-118.4529056,34.02782674,"(34.02782674, -118.45290560)"
1220,4-267,85,-118.48951044,34.00524908,"(34.00524908, -118.48951044)"
1223,16-4,258,-118.46140145,34.01451059,"(34.01451059, -118.46140145)"
1224,16-56,351,-118.46163955,34.01537778,"(34.01537778, -118.46163955)"
1225,5-30,356,-118.48511838,34.00130042,"(34.00130042, -118.48511838)"
1226,5-36,265,-118.48399958,34.00132013,"(34.00132013, -118.48399958)"
1228,1-4,284,-118.51433874,34.02538124,"(34.02538124, -118.51433874)"
1229,1-9,284,-118.51349235,34.02491895,"(34.02491895, -118.51349235)"
1231,1-37,101,-118.51475827,34.02775282,"(34.02775282, -118.51475827)"
1232,1-84,273,-118.51288175,34.0286436,"(34.02864360, -118.51288175)"
1233,1-36,190,-118.51370924,34.02635483,"(34.02635483, -118.51370924)"
1234,1-35,60,-118.51320832,34.02622592,"(34.02622592, -118.51320832)"
1235,1-83,183,-118.51239058,34.02815429,"(34.02815429, -118.51239058)"
1236,1-82,3,-118.51208119,34.02793561,"(34.02793561, -118.51208119)"
1237,1-94,6,-118.51091448,34.02899835,"(34.02899835, -118.51091448)"
1238,1-91,186,-118.51094469,34.02946137,"(34.02946137, -118.51094469)"
1239,1-133,3,-118.50940032,34.03037609,"(34.03037609, -118.50940032)"
1240,1-134,183,-118.50970833,34.0305847,"(34.03058470, -118.50970833)"
1241,1-131,3,-118.50853658,34.03013005,"(34.03013005, -118.50853658)"
1242,1-100,272,-118.50974847,34.02823417,"(34.02823417, -118.50974847)"
1243,1-48,281,-118.51187448,34.02599479,"(34.02599479, -118.51187448)"
1244,1-79B,1,-118.50992657,34.02672025,"(34.02672025, -118.50992657)"
1245,1-101A,1,-118.50885734,34.02763704,"(34.02763704, -118.50885734)"
1246,1-105,271,-118.5083833,34.02729494,"(34.02729494, -118.50838330)"
1247,1-103A,90,-118.50784253,34.02850685,"(34.02850685, -118.50784253)"
1248,1-130,90,-118.50690308,34.02931559,"(34.02931559, -118.50690308)"
1249,1-152,180,-118.5059935,34.03025678,"(34.03025678, -118.50599350)"
1250,1-156,360,-118.50518961,34.02990124,"(34.02990124, -118.50518961)"
1251,1-158,179,-118.5046682,34.02912816,"(34.02912816, -118.50466820)"
1252,1-129,270,-118.50632396,34.02762316,"(34.02762316, -118.50632396)"
1253,1-129B,270,-118.50550391,34.02829714,"(34.02829714, -118.50550391)"
1254,1-106A,360,-118.50746034,34.02667563,"(34.02667563, -118.50746034)"
1255,1-77B,90,-118.50683293,34.02527268,"(34.02527268, -118.50683293)"
1256,1-115,90,-118.50564471,34.02558608,"(34.02558608, -118.50564471)"
1257,1-113,0,-118.50602219,34.02588523,"(34.02588523, -118.50602219)"
1258,1-110,90,-118.50674789,34.02650191,"(34.02650191, -118.50674789)"
1259,1-78B,90,-118.50834886,34.02598115,"(34.02598115, -118.50834886)"
1260,1-59,180,-118.5091621,34.0244356,"(34.02443560, -118.50916210)"
1261,1-61A,90,-118.50831178,34.02403274,"(34.02403274, -118.50831178)"
1262,1-77,90,-118.50764863,34.02457387,"(34.02457387, -118.50764863)"
1263,1-64,270,-118.50787419,34.02342216,"(34.02342216, -118.50787419)"
1264,1-17,273,-118.50920898,34.0220691,"(34.02206910, -118.50920898)"
1265,1-76,90,-118.50665317,34.02368427,"(34.02368427, -118.50665317)"
1266,1-69,270,-118.50697989,34.02250626,"(34.02250626, -118.50697989)"
1267,1-72,270,-118.50604308,34.02326883,"(34.02326883, -118.50604308)"
1268,1-74,359,-118.50559568,34.02361618,"(34.02361618, -118.50559568)"
1269,1-76B,270,-118.50594891,34.02425947,"(34.02425947, -118.50594891)"
1270,1-116A,180,-118.50523823,34.02488296,"(34.02488296, -118.50523823)"
1271,1-75A,269,-118.50507936,34.02404922,"(34.02404922, -118.50507936)"
1272,1-121,360,-118.50465315,34.02437564,"(34.02437564, -118.50465315)"
1273,1-123,359,-118.50371156,34.02513649,"(34.02513649, -118.50371156)"
1274,1-127B,270,-118.50326197,34.02648825,"(34.02648825, -118.50326197)"
1275,1-125,360,-118.50275985,34.02590754,"(34.02590754, -118.50275985)"
1276,1-161,360,-118.50336069,34.02802726,"(34.02802726, -118.50336069)"
1277,1-162,270,-118.50275826,34.02750131,"(34.02750131, -118.50275826)"
1278,1-163A,180,-118.50239341,34.02719131,"(34.02719131, -118.50239341)"
1279,1-166,0,-118.50182878,34.0266675,"(34.02666750, -118.50182878)"
1280,1-159,270,-118.50384391,34.02842771,"(34.02842771, -118.50384391)"
1281,1-128,90,-118.50522404,34.02658207,"(34.02658207, -118.50522404)"
1282,1-128B,90,-118.50414211,34.02741396,"(34.02741396, -118.50414211)"
1283,23-13,90,-118.46549371,34.03270715,"(34.03270715, -118.46549371)"
1284,2-1,273,-118.50796291,34.02102534,"(34.02102534, -118.50796291)"
1285,2-7,274,-118.50639951,34.01989088,"(34.01989088, -118.50639951)"
1286,2-34,90,-118.50546063,34.02137133,"(34.02137133, -118.50546063)"
1287,2-33,90,-118.50661019,34.02163044,"(34.02163044, -118.50661019)"
1288,2-45,270,-118.50459682,34.02206139,"(34.02206139, -118.50459682)"
1289,2-29,90,-118.50439079,34.01973491,"(34.01973491, -118.50439079)"
1290,2-30,90,-118.50503838,34.02028773,"(34.02028773, -118.50503838)"
1291,2-36B,90,-118.50389925,34.02001497,"(34.02001497, -118.50389925)"
1293,2-48,270,-118.50303649,34.02072191,"(34.02072191, -118.50303649)"
1295,2-14,270,-118.50204027,34.01648045,"(34.01648045, -118.50204027)"
1296,2-12,270,-118.50334164,34.01750142,"(34.01750142, -118.50334164)"
1297,2-24,90,-118.50251709,34.01812662,"(34.01812662, -118.50251709)"
1300,3-136,180,-118.49691272,34.01773402,"(34.01773402, -118.49691272)"
1301,3-139,0,-118.49634712,34.01815689,"(34.01815689, -118.49634712)"
1302,3-159,180,-118.49574185,34.01867536,"(34.01867536, -118.49574185)"
1303,3-176,180,-118.49500582,34.01928256,"(34.01928256, -118.49500582)"
1304,3-122,270,-118.49353237,34.01489816,"(34.01489816, -118.49353237)"
1305,3-128,0,-118.49517818,34.01625626,"(34.01625626, -118.49517818)"
1306,3-158,360,-118.49422645,34.01703492,"(34.01703492, -118.49422645)"
1307,3-145,0,-118.49454641,34.01677508,"(34.01677508, -118.49454641)"
1308,3-165,0,-118.49359016,34.01754396,"(34.01754396, -118.49359016)"
1309,3-175,0,-118.49327774,34.01779767,"(34.01779767, -118.49327774)"
1310,3-157,360,-118.49244892,34.01586452,"(34.01586452, -118.49244892)"
1311,3-150,360,-118.49311153,34.01533034,"(34.01533034, -118.49311153)"
1312,2-195,89,-118.49331597,34.02042168,"(34.02042168, -118.49331597)"
1313,3-183A,90,-118.49174985,34.01750465,"(34.01750465, -118.49174985)"
1314,3-183,270,-118.49274242,34.01823568,"(34.01823568, -118.49274242)"
1315,3-190,360,-118.4905644,34.01739876,"(34.01739876, -118.49056440)"
1316,3-174,360,-118.49150816,34.01663239,"(34.01663239, -118.49150816)"
1317,3-42,90,-118.49868779,34.01485019,"(34.01485019, -118.49868779)"
1319,3-1,268,-118.50017728,34.01484162,"(34.01484162, -118.50017728)"
1320,3-5,270,-118.49795798,34.01278732,"(34.01278732, -118.49795798)"
1321,3-41,91,-118.49811026,34.01429976,"(34.01429976, -118.49811026)"
1322,3-38,90,-118.49715596,34.01348456,"(34.01348456, -118.49715596)"
1323,3-35,90,-118.49627213,34.01272598,"(34.01272598, -118.49627213)"
1324,3-48,90,-118.49999518,34.01596897,"(34.01596897, -118.49999518)"
1325,3-47,180,-118.49951689,34.01562095,"(34.01562095, -118.49951689)"
1326,3-77,180,-118.49880191,34.01619981,"(34.01619981, -118.49880191)"
1327,3-74,270,-118.49797069,34.01553713,"(34.01553713, -118.49797069)"
1328,3-103,180,-118.49787655,34.01695317,"(34.01695317, -118.49787655)"
1329,3-100,270,-118.49710659,34.01637034,"(34.01637034, -118.49710659)"
1330,3-73,270,-118.49727062,34.01494021,"(34.01494021, -118.49727062)"
1331,3-71,360,-118.49705905,34.0147345,"(34.01473450, -118.49705905)"
1332,3-68,270,-118.49634148,34.01414728,"(34.01414728, -118.49634148)"
1333,3-67,270,-118.49566146,34.01356715,"(34.01356715, -118.49566146)"
1334,3-53,0,-118.49751712,34.01440605,"(34.01440605, -118.49751712)"
1335,3-56,0,-118.49589786,34.01306943,"(34.01306943, -118.49589786)"
1336,3-64A,90,-118.49526749,34.01351112,"(34.01351112, -118.49526749)"
1339,3-90,0,-118.49471574,34.01402948,"(34.01402948, -118.49471574)"
1340,3-86,360,-118.49645205,34.01522364,"(34.01522364, -118.49645205)"
1341,3-94,90,-118.49522454,34.01503487,"(34.01503487, -118.49522454)"
1342,3-99,90,-118.49618552,34.01586727,"(34.01586727, -118.49618552)"
1343,3-96,360,-118.49611267,34.01549926,"(34.01549926, -118.49611267)"
1345,3-63B,0,-118.49512009,34.01311204,"(34.01311204, -118.49512009)"
1346,3-7,270,-118.49685958,34.01181084,"(34.01181084, -118.49685958)"
1347,3-8,90,-118.4959135,34.01116538,"(34.01116538, -118.49591350)"
1348,3-34,90,-118.49559432,34.01220314,"(34.01220314, -118.49559432)"
1349,3-33,180,-118.49482486,34.01160143,"(34.01160143, -118.49482486)"
1350,3-63,90,-118.49456729,34.01290482,"(34.01290482, -118.49456729)"
1351,3-62,180,-118.49375325,34.01247331,"(34.01247331, -118.49375325)"
1352,3-114,180,-118.49333123,34.01281352,"(34.01281352, -118.49333123)"
1353,3-115,180,-118.49277502,34.01327036,"(34.01327036, -118.49277502)"
1354,3-120,270,-118.49223258,34.01378778,"(34.01378778, -118.49223258)"
1355,3-154,0,-118.49090413,34.01440005,"(34.01440005, -118.49090413)"
1356,3-153,180,-118.49158253,34.01423632,"(34.01423632, -118.49158253)"
1357,3-116,90,-118.49183326,34.01370016,"(34.01370016, -118.49183326)"
1358,3-170,180,-118.49064289,34.01499941,"(34.01499941, -118.49064289)"
1359,3-171,270,-118.4902011,34.01510059,"(34.01510059, -118.49020110)"
1360,3-189,180,-118.48913427,34.01621498,"(34.01621498, -118.48913427)"
1361,3-187,90,-118.48970804,34.01575518,"(34.01575518, -118.48970804)"
1379,4-89,265,-118.48508759,34.00886676,"(34.00886676, -118.48508759)"
1380,4-90A,356,-118.48420187,34.00827069,"(34.00827069, -118.48420187)"
1381,4-59,86,-118.48336535,34.00882735,"(34.00882735, -118.48336535)"
1382,4-102A,266,-118.48394737,34.00773083,"(34.00773083, -118.48394737)"
1383,4-80,84,-118.48167349,34.00713926,"(34.00713926, -118.48167349)"
1384,4-75,265,-118.48115385,34.00727635,"(34.00727635, -118.48115385)"
1385,4-74,265,-118.48021559,34.0063442,"(34.00634420, -118.48021559)"
1386,4-83,85,-118.48060331,34.00607907,"(34.00607907, -118.48060331)"
1387,4-98,265,-118.48335551,34.00714522,"(34.00714522, -118.48335551)"
1391,4-94,266,-118.48251856,34.00631206,"(34.00631206, -118.48251856)"
1395,4-65,270,-118.48056324,34.00852665,"(34.00852665, -118.48056324)"
1396,4-69,266,-118.47986857,34.00771041,"(34.00771041, -118.47986857)"
1397,4-68,266,-118.47925587,34.00710567,"(34.00710567, -118.47925587)"
1399,4-50,356,-118.48547946,34.00953325,"(34.00953325, -118.48547946)"
1400,4-53,355,-118.48462814,34.01013805,"(34.01013805, -118.48462814)"
1404,4-73,80,-118.48138634,34.00780264,"(34.00780264, -118.48138634)"
1405,4-55,86,-118.48402355,34.00947878,"(34.00947878, -118.48402355)"
1406,4-78,88,-118.48260049,34.00807212,"(34.00807212, -118.48260049)"
1407,5-151,85,-118.47967871,34.00516013,"(34.00516013, -118.47967871)"
1408,5-141,263,-118.48069312,34.00459999,"(34.00459999, -118.48069312)"
1409,5-146,356,-118.48024721,34.00454786,"(34.00454786, -118.48024721)"
1410,5-155,266,-118.47840343,34.00413812,"(34.00413812, -118.47840343)"
1411,5-160,266,-118.47758445,34.00333192,"(34.00333192, -118.47758445)"
1412,5-150,266,-118.47942338,34.00345436,"(34.00345436, -118.47942338)"
1413,5-176,356,-118.47691444,34.00337242,"(34.00337242, -118.47691444)"
1414,5-165,266,-118.47667155,34.0024713,"(34.00247130, -118.47667155)"
1417,5-157,176,-118.47846424,34.00265985,"(34.00265985, -118.47846424)"
1418,5-245,171,-118.47438171,34.00119797,"(34.00119797, -118.47438171)"
1419,5-162,176,-118.47777572,34.00192174,"(34.00192174, -118.47777572)"
1422,5-250,356,-118.47678084,34.00121518,"(34.00121518, -118.47678084)"
1423,5-233,176,-118.47524889,34.00117457,"(34.00117457, -118.47524889)"
1424,5-236,176,-118.47641955,34.00035617,"(34.00035617, -118.47641955)"
1425,5-188,263,-118.47819821,34.00606139,"(34.00606139, -118.47819821)"
1426,6-15,350,-118.47234529,34.00303963,"(34.00303963, -118.47234529)"
1427,5-217,350,-118.47362306,34.00230953,"(34.00230953, -118.47362306)"
1428,5-228,350,-118.47443446,34.00184172,"(34.00184172, -118.47443446)"
1429,5-212,175,-118.47436198,34.00315016,"(34.00315016, -118.47436198)"
1430,5-209,260,-118.47498946,34.00352383,"(34.00352383, -118.47498946)"
1431,5-206,356,-118.47564137,34.00410519,"(34.00410519, -118.47564137)"
1432,5-196,260,-118.47660311,34.00512662,"(34.00512662, -118.47660311)"
1433,5-184,355,-118.47856924,34.00554124,"(34.00554124, -118.47856924)"
1434,5-190,349,-118.47731622,34.00628012,"(34.00628012, -118.47731622)"
1435,5-193,261,-118.47692777,34.00551718,"(34.00551718, -118.47692777)"
1437,6-19,170,-118.47177532,34.00269257,"(34.00269257, -118.47177532)"
1438,6-25,170,-118.47139537,34.00220404,"(34.00220404, -118.47139537)"
1439,5-222,170,-118.4725609,34.0022433,"(34.00224330, -118.47256090)"
1440,5-249,170,-118.4739676,34.0007302,"(34.00073020, -118.47396760)"
1441,5-241,85,-118.47476315,34.0001526,"(34.00015260, -118.47476315)"
1442,5-221,170,-118.47343902,34.00173721,"(34.00173721, -118.47343902)"
1443,5-223,170,-118.47283995,34.00137713,"(34.00137713, -118.47283995)"
1444,5-138,176,-118.47733707,33.9997217,"(33.99972170, -118.47733707)"
1445,5-108,85,-118.47962863,34.00067909,"(34.00067909, -118.47962863)"
1446,5-111,86,-118.47813724,33.99919364,"(33.99919364, -118.47813724)"
1447,5-110A,86,-118.47886547,33.99991198,"(33.99991198, -118.47886547)"
1448,5-114A,86,-118.47755698,33.99860524,"(33.99860524, -118.47755698)"
1450,5-45,266,-118.48169601,33.99901982,"(33.99901982, -118.48169601)"
1451,5-32,355,-118.48285913,33.99843593,"(33.99843593, -118.48285913)"
1452,5-46,266,-118.48089613,33.99821671,"(33.99821671, -118.48089613)"
1453,5-63,85,-118.48009258,33.9986648,"(33.99866480, -118.48009258)"
1454,5-51,177,-118.48034493,33.99753423,"(33.99753423, -118.48034493)"
1455,5-20,353,-118.48103051,33.99694302,"(33.99694302, -118.48103051)"
1456,5-80,175,-118.47975052,33.9979651,"(33.99796510, -118.47975052)"
1458,5-53,86,-118.47922615,33.99780828,"(33.99780828, -118.47922615)"
1459,5-64,85,-118.48095573,33.99953316,"(33.99953316, -118.48095573)"
1460,5-95,355,-118.4794591,33.99886624,"(33.99886624, -118.47945910)"
1461,5-96,265,-118.47909701,33.99857701,"(33.99857701, -118.47909701)"
1462,5-91,265,-118.48056354,34.00004217,"(34.00004217, -118.48056354)"
1463,5-99A,266,-118.47859609,33.99807377,"(33.99807377, -118.47859609)"
1464,5-67,86,-118.48177726,34.00035628,"(34.00035628, -118.48177726)"
1465,5-25,84,-118.48385202,33.99873467,"(33.99873467, -118.48385202)"
1466,5-10,87,-118.48293237,33.99759315,"(33.99759315, -118.48293237)"
1468,5-18,225,-118.48169825,33.99673387,"(33.99673387, -118.48169825)"
1469,5-21,121,-118.48174491,33.9968741,"(33.99687410, -118.48174491)"
1470,5-35,356,-118.48427222,34.00189403,"(34.00189403, -118.48427222)"
1471,5-29,354,-118.48586265,34.0008399,"(34.00083990, -118.48586265)"
1472,5-27,84,-118.4848421,33.99976436,"(33.99976436, -118.48484210)"
1473,5-26,84,-118.4843722,33.99926576,"(33.99926576, -118.48437220)"
1474,5-40,266,-118.48301421,34.00033647,"(34.00033647, -118.48301421)"
1475,5-72,86,-118.48324336,34.00181768,"(34.00181768, -118.48324336)"
1476,5-68,85,-118.48233512,34.00091554,"(34.00091554, -118.48233512)"
1477,5-30A,353,-118.48421203,34.0003904,"(34.00039040, -118.48421203)"
1479,5-77,356,-118.48366868,34.00235066,"(34.00235066, -118.48366868)"
1480,5-90,355,-118.48191396,34.00133144,"(34.00133144, -118.48191396)"
1483,16-96,81,-118.4609042,34.01780485,"(34.01780485, -118.46090420)"
1484,16-66,350,-118.45739325,34.01780628,"(34.01780628, -118.45739325)"
1485,16-65,350,-118.45820514,34.01733439,"(34.01733439, -118.45820514)"
1486,16-60,351,-118.45976798,34.01646855,"(34.01646855, -118.45976798)"
1487,17-2,260,-118.46034079,34.02226318,"(34.02226318, -118.46034079)"
1488,16-67,351,-118.45667482,34.01822352,"(34.01822352, -118.45667482)"
1489,17-1,260,-118.4593711,34.02286773,"(34.02286773, -118.45937110)"
1490,16-125,260,-118.45706439,34.02012293,"(34.02012293, -118.45706439)"
1491,16-80,257,-118.45607703,34.01893843,"(34.01893843, -118.45607703)"
1492,16-102,261,-118.46018929,34.01849442,"(34.01849442, -118.46018929)"
1493,16-52,259,-118.4580483,34.016562,"(34.01656200, -118.45804830)"
1494,16-142,351,-118.46137302,34.01985956,"(34.01985956, -118.46137302)"
1495,16-134B,350,-118.45811836,34.02046916,"(34.02046916, -118.45811836)"
1496,16-134D,170,-118.45723421,34.01940805,"(34.01940805, -118.45723421)"
1497,16-134F,315,-118.45745423,34.01888212,"(34.01888212, -118.45745423)"
1498,16-134G,171,-118.458098,34.01889395,"(34.01889395, -118.45809800)"
1499,16-134A,80,-118.45901985,34.0200876,"(34.02008760, -118.45901985)"
1502,16-43,351,-118.45850074,34.01424615,"(34.01424615, -118.45850074)"
1503,16-34,261,-118.4566302,34.01346706,"(34.01346706, -118.45663020)"
1504,16-33,351,-118.45624277,34.01307593,"(34.01307593, -118.45624277)"
1507,16-46,257,-118.45730222,34.01571606,"(34.01571606, -118.45730222)"
1508,16-41,258,-118.45670366,34.01498315,"(34.01498315, -118.45670366)"
1509,16-37,351,-118.45779886,34.01342245,"(34.01342245, -118.45779886)"
1510,17-149,31,-118.46992789,34.02757122,"(34.02757122, -118.46992789)"
1511,17-137,0,-118.46808289,34.02722544,"(34.02722544, -118.46808289)"
1513,17-119,90,-118.4691277,34.02532478,"(34.02532478, -118.46912770)"
1514,17-125A,90,-118.4687512,34.02580695,"(34.02580695, -118.46875120)"
1515,17-121,0,-118.46778461,34.02534168,"(34.02534168, -118.46778461)"
1516,17-123,0,-118.46695843,34.02601218,"(34.02601218, -118.46695843)"
1517,17-61,90,-118.46299527,34.02647517,"(34.02647517, -118.46299527)"
1518,17-62,90,-118.46395004,34.02729094,"(34.02729094, -118.46395004)"
1519,17-72,59,-118.46496508,34.02904393,"(34.02904393, -118.46496508)"
1521,17-76,297,-118.4639668,34.0254267,"(34.02542670, -118.46396680)"
1522,17-39,351,-118.46152265,34.02360359,"(34.02360359, -118.46152265)"
1523,17-46,90,-118.46153349,34.02524864,"(34.02524864, -118.46153349)"
1524,17-52,0,-118.4633677,34.02442521,"(34.02442521, -118.46336770)"
1525,17-44,257,-118.46029682,34.02395288,"(34.02395288, -118.46029682)"
1526,17-98,0,-118.46958244,34.02130195,"(34.02130195, -118.46958244)"
1527,17-28,259,-118.46556606,34.02136909,"(34.02136909, -118.46556606)"
1528,17-25,350,-118.46659231,34.0208981,"(34.02089810, -118.46659231)"
1529,17-24,351,-118.46735782,34.02049423,"(34.02049423, -118.46735782)"
1530,17-55,0,-118.46617206,34.02215124,"(34.02215124, -118.46617206)"
1531,17-88,0,-118.46737191,34.02309415,"(34.02309415, -118.46737191)"
1532,17-92,90,-118.46854647,34.02404697,"(34.02404697, -118.46854647)"
1533,17-94,0,-118.46861432,34.02208963,"(34.02208963, -118.46861432)"
1534,17-112,90,-118.47037055,34.02351521,"(34.02351521, -118.47037055)"
1535,17-104,180,-118.47118109,34.02278457,"(34.02278457, -118.47118109)"
1536,17-133,154,-118.47271062,34.02393896,"(34.02393896, -118.47271062)"
1537,17-141,0,-118.47398558,34.02510374,"(34.02510374, -118.47398558)"
1538,17-129,90,-118.47162606,34.0245905,"(34.02459050, -118.47162606)"
1539,17-128,90,-118.47234489,34.02520206,"(34.02520206, -118.47234489)"
1540,17-144,90,-118.47310462,34.02586678,"(34.02586678, -118.47310462)"
1541,20-4,0,-118.49531923,34.04762432,"(34.04762432, -118.49531923)"
1542,20-49,266,-118.49397142,34.04725484,"(34.04725484, -118.49397142)"
1543,20-69,270,-118.49251714,34.04602242,"(34.04602242, -118.49251714)"
1544,20-3,38,-118.49423065,34.04915371,"(34.04915371, -118.49423065)"
1545,20-15,326,-118.49364906,34.04859443,"(34.04859443, -118.49364906)"
1547,20-64,270,-118.49147222,34.04650731,"(34.04650731, -118.49147222)"
1548,20-2,270,-118.49378158,34.04981335,"(34.04981335, -118.49378158)"
1550,20-24,176,-118.49501761,34.04697072,"(34.04697072, -118.49501761)"
1551,20-23,180,-118.49410597,34.047647,"(34.04764700, -118.49410597)"
1552,20-44A,268,-118.49407545,34.04597744,"(34.04597744, -118.49407545)"
1554,20-12,270,-118.49445466,34.04818812,"(34.04818812, -118.49445466)"
1555,20-18,270,-118.49255099,34.04880873,"(34.04880873, -118.49255099)"
1557,20-103,270,-118.49139426,34.04367925,"(34.04367925, -118.49139426)"
1558,20-97,270,-118.49057256,34.04435634,"(34.04435634, -118.49057256)"
1559,20-93,269,-118.48973329,34.04502823,"(34.04502823, -118.48973329)"
1562,20-72A,270,-118.49239249,34.04453995,"(34.04453995, -118.49239249)"
1563,20-103A,270,-118.49045511,34.04286472,"(34.04286472, -118.49045511)"
1564,20-135,0,-118.48934351,34.04216307,"(34.04216307, -118.48934351)"
1565,20-214,180,-118.48561987,34.0400716,"(34.04007160, -118.48561987)"
1566,20-129,0,-118.48850256,34.04283997,"(34.04283997, -118.48850256)"
1567,20-122,0,-118.48768526,34.04350714,"(34.04350714, -118.48768526)"
1569,20-216,180,-118.48478662,34.04074796,"(34.04074796, -118.48478662)"
1570,20-211,180,-118.48676637,34.03914862,"(34.03914862, -118.48676637)"
1573,20-171,357,-118.48775818,34.04046297,"(34.04046297, -118.48775818)"
1574,20-176,2,-118.48695002,34.0410915,"(34.04109150, -118.48695002)"
1575,20-181,360,-118.4860323,34.04185166,"(34.04185166, -118.48603230)"
1579,24-76,261,-118.45318884,34.02241883,"(34.02241883, -118.45318884)"
1580,24-80,171,-118.45191639,34.02127205,"(34.02127205, -118.45191639)"
1582,24-75,351,-118.45430672,34.02366278,"(34.02366278, -118.45430672)"
1584,24-58,81,-118.45100034,34.02186457,"(34.02186457, -118.45100034)"
1587,24-47,351,-118.449652,34.02230819,"(34.02230819, -118.44965200)"
1588,24-27,351,-118.44887994,34.02284083,"(34.02284083, -118.44887994)"
1591,24-69,261,-118.45435362,34.02564186,"(34.02564186, -118.45435362)"
1592,24-37,261,-118.45203176,34.0267778,"(34.02677780, -118.45203176)"
1593,24-33,260,-118.45099046,34.02553375,"(34.02553375, -118.45099046)"
1594,24-38,261,-118.45321957,34.02609116,"(34.02609116, -118.45321957)"
1595,24-44,351,-118.45226038,34.02485062,"(34.02485062, -118.45226038)"
1596,24-28,261,-118.44919555,34.02336079,"(34.02336079, -118.44919555)"
1598,24-59,351,-118.45133742,34.02133398,"(34.02133398, -118.45133742)"
1599,24-134,171,-118.45026642,34.02044489,"(34.02044489, -118.45026642)"
1600,24-131,170,-118.45124944,34.01966583,"(34.01966583, -118.45124944)"
1601,24-132,215,-118.45043493,34.02014625,"(34.02014625, -118.45043493)"
1602,24-128,82,-118.4512612,34.01930675,"(34.01930675, -118.45126120)"
1605,24-139,261,-118.44833859,34.02224902,"(34.02224902, -118.44833859)"
1608,24-135,171,-118.44971671,34.02076418,"(34.02076418, -118.44971671)"
1610,24-21,181,-118.44730268,34.01682441,"(34.01682441, -118.44730268)"
1611,24-11,168,-118.44652622,34.0158083,"(34.01580830, -118.44652622)"
1615,24-17,168,-118.44771129,34.01518432,"(34.01518432, -118.44771129)"
1616,24-123,261,-118.45240701,34.01844081,"(34.01844081, -118.45240701)"
1617,24-121,81,-118.45303164,34.01945313,"(34.01945313, -118.45303164)"
1618,24-119,80,-118.45388129,34.01894192,"(34.01894192, -118.45388129)"
1619,24-117,212,-118.45365457,34.01839188,"(34.01839188, -118.45365457)"
1620,24-116,171,-118.4535553,34.01768582,"(34.01768582, -118.45355530)"
1623,24-86,351,-118.45313526,34.02028661,"(34.02028661, -118.45313526)"
1625,24-102,171,-118.45388198,34.0201228,"(34.02012280, -118.45388198)"
1626,24-105,351,-118.45400906,34.01977775,"(34.01977775, -118.45400906)"
1627,24-107,171,-118.45485498,34.01955007,"(34.01955007, -118.45485498)"
1628,24-88,261,-118.45418118,34.02187671,"(34.02187671, -118.45418118)"
1629,24-125,81,-118.45224244,34.02079455,"(34.02079455, -118.45224244)"
1630,24-89,351,-118.45526755,34.02310433,"(34.02310433, -118.45526755)"
1631,24-96,351,-118.45624489,34.02253376,"(34.02253376, -118.45624489)"
1632,24-112,351,-118.4572131,34.02197433,"(34.02197433, -118.45721310)"
1633,24-92,261,-118.45626238,34.02434584,"(34.02434584, -118.45626238)"
1636,24-115,261,-118.45836643,34.0233993,"(34.02339930, -118.45836643)"
1637,24-111,261,-118.45613022,34.02074364,"(34.02074364, -118.45613022)"
1638,14-159,90,-118.47179488,34.02016045,"(34.02016045, -118.47179488)"
1639,14-154,0,-118.47039281,34.02064612,"(34.02064612, -118.47039281)"
1640,14-179,349,-118.46832468,34.01996978,"(34.01996978, -118.46832468)"
1641,14-172,348,-118.46991747,34.01912913,"(34.01912913, -118.46991747)"
1642,14-186,260,-118.46843205,34.01810929,"(34.01810929, -118.46843205)"
1643,14-178,348,-118.46918933,34.01951639,"(34.01951639, -118.46918933)"
1644,14-229,350,-118.46723474,34.01663773,"(34.01663773, -118.46723474)"
1645,14-193,350,-118.46629316,34.01717846,"(34.01717846, -118.46629316)"
1646,14-235,351,-118.46688915,34.01630508,"(34.01630508, -118.46688915)"
1647,14-224,85,-118.46956078,34.01522789,"(34.01522789, -118.46956078)"
1648,14-226,350,-118.46849262,34.01586114,"(34.01586114, -118.46849262)"
1649,14-225A,170,-118.46909788,34.0158046,"(34.01580460, -118.46909788)"
1650,14-220,261,-118.47141532,34.01407865,"(34.01407865, -118.47141532)"
1651,14-221,261,-118.47049821,34.01318353,"(34.01318353, -118.47049821)"
1652,14-213,261,-118.47223257,34.01486858,"(34.01486858, -118.47223257)"
1653,14-206,260,-118.47357224,34.01618633,"(34.01618633, -118.47357224)"
1654,14-166,356,-118.47397885,34.01695723,"(34.01695723, -118.47397885)"
1655,14-168,348,-118.47226673,34.01786993,"(34.01786993, -118.47226673)"
1656,14-171,349,-118.47090615,34.01859484,"(34.01859484, -118.47090615)"
1657,14-96,0,-118.47723087,34.01980624,"(34.01980624, -118.47723087)"
1659,14-122,180,-118.47587575,34.01898342,"(34.01898342, -118.47587575)"
1660,14-43,0,-118.47859754,34.02102236,"(34.02102236, -118.47859754)"
1661,14-24,180,-118.47895321,34.02132613,"(34.02132613, -118.47895321)"
1663,16-101,260,-118.45921344,34.01911819,"(34.01911819, -118.45921344)"
1671,3-127,272,-118.49444012,34.01566145,"(34.01566145, -118.49444012)"
1680,3-192,181,-118.49409482,34.02003426,"(34.02003426, -118.49409482)"
1681,8-55,180,-118.48756604,34.0227098,"(34.02270980, -118.48756604)"
1682,8-42,360,-118.48758841,34.02239603,"(34.02239603, -118.48758841)"
1684,13-30A,360,-118.48514196,34.02695382,"(34.02695382, -118.48514196)"
1685,13-119B,90,-118.4765745,34.02589508,"(34.02589508, -118.47657450)"
1686,4-242,0,-118.4938821,34.01031613,"(34.01031613, -118.49388210)"
1696,5-172,274,-118.47629122,34.00276324,"(34.00276324, -118.47629122)"
1698,5-180,78,-118.47742472,34.00462999,"(34.00462999, -118.47742472)"
1700,5-178,268,-118.47666377,34.00369102,"(34.00369102, -118.47666377)"
1702,18-83,180,-118.47805897,34.03109184,"(34.03109184, -118.47805897)"
1705,1-86B,184,-118.5127959,34.02987931,"(34.02987931, -118.51279590)"
1707,15-97,79,-118.46139494,34.01184854,"(34.01184854, -118.46139494)"
1708,10-136,89,-118.49876346,34.02908471,"(34.02908471, -118.49876346)"
1712,14-4,203,-118.47450661,34.02532635,"(34.02532635, -118.47450661)"
1717,4-248A,0,-118.4936332,34.00939648,"(34.00939648, -118.49363320)"
1718,1-78,270,-118.50941639,34.02511393,"(34.02511393, -118.50941639)"
1719,5-24,86,-118.48249047,33.99743916,"(33.99743916, -118.48249047)"
1720,5-28,91,-118.48549339,34.00044084,"(34.00044084, -118.48549339)"
1722,24-31,261,-118.45011698,34.02443625,"(34.02443625, -118.45011698)"
1723,6-203,266,-118.47043325,34.01051995,"(34.01051995, -118.47043325)"
1724,22-93,356,-118.46615978,34.03716591,"(34.03716591, -118.46615978)"
1726,18-177,52,-118.46973463,34.02877556,"(34.02877556, -118.46973463)"
1730,17-152,159,-118.4705773,34.02798145,"(34.02798145, -118.47057730)"
1732,16-144,347,-118.46248887,34.01933006,"(34.01933006, -118.46248887)"
1733,16-130,351,-118.4581988,34.02139801,"(34.02139801, -118.45819880)"
1740,18-35,179,-118.47906775,34.03218992,"(34.03218992, -118.47906775)"
1742,21-33,180,-118.47307326,34.03974737,"(34.03974737, -118.47307326)"
1743,3-126,270,-118.49380011,34.01512187,"(34.01512187, -118.49380011)"
1744,4-223,178,-118.4888788,34.00599749,"(34.00599749, -118.48887880)"
1745,1-79,182,-118.51077426,34.0260815,"(34.02608150, -118.51077426)"
1746,6-187,269,-118.47261766,34.01010943,"(34.01010943, -118.47261766)"
1748,16-72,91,-118.45455493,34.01749922,"(34.01749922, -118.45455493)"
1749,16-71,81,-118.45518092,34.01817604,"(34.01817604, -118.45518092)"
1750,16-70,81,-118.45566465,34.01878469,"(34.01878469, -118.45566465)"
1751,13-99,15,-118.48013413,34.02581115,"(34.02581115, -118.48013413)"
1753,10-38,25,-118.50554138,34.03301138,"(34.03301138, -118.50554138)"
1755,1-71,0,-118.50654555,34.02284626,"(34.02284626, -118.50654555)"
1756,20-6,0,-118.49807189,34.04529574,"(34.04529574, -118.49807189)"
1757,15-145,80,-118.46744247,34.01316403,"(34.01316403, -118.46744247)"
1758,15-147,350,-118.46690057,34.013556,"(34.01355600, -118.46690057)"
1759,15-151,351,-118.46746625,34.01429912,"(34.01429912, -118.46746625)"
1760,12-16,360,-118.48983639,34.03377601,"(34.03377601, -118.48983639)"
1762,16-61,351,-118.45859872,34.01713589,"(34.01713589, -118.45859872)"
1763,16-132,346,-118.45919454,34.02088171,"(34.02088171, -118.45919454)"
1764,16-137,351,-118.46032773,34.02034643,"(34.02034643, -118.46032773)"
1766,16-147,259,-118.46043594,34.02057765,"(34.02057765, -118.46043594)"
1767,16-148,263,-118.45933796,34.02108177,"(34.02108177, -118.45933796)"
1768,18-44,179,-118.47986089,34.0315387,"(34.03153870, -118.47986089)"
1769,1-36A,314,-118.51518367,34.02686897,"(34.02686897, -118.51518367)"
1772,2-64,270,-118.50050113,34.02014157,"(34.02014157, -118.50050113)"
1779,6-3B,270,-118.47717166,34.0074151,"(34.00741510, -118.47717166)"
1780,6-11C,181,-118.47191579,34.00341475,"(34.00341475, -118.47191579)"
1781,6-109,349,-118.4724414,34.00547901,"(34.00547901, -118.47244140)"
1787,22-115,90,-118.46506089,34.03626656,"(34.03626656, -118.46506089)"
1788,23-53,140,-118.46209005,34.03055876,"(34.03055876, -118.46209005)"
1790,10-93A,180,-118.5005727,34.0338719,"(34.03387190, -118.50057270)"
1791,14-209,263,-118.47284612,34.01550675,"(34.01550675, -118.47284612)"
1793,5-167,3,-118.4756109,34.00202117,"(34.00202117, -118.47561090)"
1798,24-130,348,-118.45073807,34.01843486,"(34.01843486, -118.45073807)"
1799,24-126,82,-118.45193002,34.02038231,"(34.02038231, -118.45193002)"
868,16-118,351,-118.4644093,34.01827424,"(34.01827424, -118.46440930)"
157,24-66A,352,-118.45324157,34.02427962,"(34.02427962, -118.45324157)"
1362,3-11,0,-118.4960211,34.01062734,"(34.01062734, -118.49602110)"
151,13-95,0,-118.48108366,34.02505821,"(34.02505821, -118.48108366)"
152,13-93,0,-118.48204854,34.02430158,"(34.02430158, -118.48204854)"
154,13-89,0,-118.48394308,34.02275551,"(34.02275551, -118.48394308)"
1163,14-17,271,-118.47792692,34.02364416,"(34.02364416, -118.47792692)"
1036,21-50,109,-118.47698742,34.04470222,"(34.04470222, -118.47698742)"
888,21-49,132,-118.47914979,34.04518712,"(34.04518712, -118.47914979)"
1560,20-61,272,-118.48993377,34.04655482,"(34.04655482, -118.48993377)"
1561,20-88,272,-118.48889562,34.04567343,"(34.04567343, -118.48889562)"
1568,20-121,359,-118.48709046,34.0440064,"(34.04400640, -118.48709046)"
1572,20-186,270,-118.48515259,34.04246772,"(34.04246772, -118.48515259)"
1571,20-218,180,-118.48399367,34.0413887,"(34.04138870, -118.48399367)"
135,4-162,176,-118.48882356,34.00732943,"(34.00732943, -118.48882356)"
1401,4-35,23,-118.48331684,34.01080119,"(34.01080119, -118.48331684)"
682,14-67,270,-118.47340192,34.02286953,"(34.02286953, -118.47340192)"
1176,15-101,78,-118.46211739,34.01264292,"(34.01264292, -118.46211739)"
1177,15-120,81,-118.46280013,34.01345133,"(34.01345133, -118.46280013)"
155,17-124B,0,-118.46611557,34.02614189,"(34.02614189, -118.46611557)"
1482,17-5,261,-118.46362125,34.02071777,"(34.02071777, -118.46362125)"
180,18-17,180,-118.47666948,34.03415587,"(34.03415587, -118.47666948)"
1011,23-138,166,-118.45817845,34.02656768,"(34.02656768, -118.45817845)"
105,4-31,0,-118.48657999,34.01232509,"(34.01232509, -118.48657999)"
110,18-171A,0,-118.47245481,34.02943382,"(34.02943382, -118.47245481)"
111,18-171B,0,-118.47183251,34.02994119,"(34.02994119, -118.47183251)"
112,18-174A,262,-118.47063472,34.02993704,"(34.02993704, -118.47063472)"
768,19-36,2,-118.48699498,34.03609445,"(34.03609445, -118.48699498)"
144,5-198,174,-118.47645183,34.00483679,"(34.00483679, -118.47645183)"
819,13-28A,270,-118.48430955,34.02679737,"(34.02679737, -118.48430955)"
1683,13-27A,0,-118.4848815,34.0272398,"(34.02723980, -118.48488150)"
109,16-40A,349,-118.4570967,34.01440684,"(34.01440684, -118.45709670)"
1393,4-58,177,-118.48195283,34.00966566,"(34.00966566, -118.48195283)"
333,6-113,264,-118.47093876,34.00543583,"(34.00543583, -118.47093876)"
139,4-144,269,-118.48808886,34.00884412,"(34.00884412, -118.48808886)"
136,4-123,92,-118.48663842,34.00762761,"(34.00762761, -118.48663842)"
1778,5-105A,62,-118.48215059,34.0031793,"(34.00317930, -118.48215059)"
1481,5-107,53,-118.48091555,34.00194826,"(34.00194826, -118.48091555)"
1585,24-60,261,-118.45210424,34.0229644,"(34.02296440, -118.45210424)"
95,4-203,90,-118.49132341,34.00856585,"(34.00856585, -118.49132341)"
142,4-204,93,-118.49043967,34.00781572,"(34.00781572, -118.49043967)"
1097,23-62,329,-118.45763245,34.0295253,"(34.02952530, -118.45763245)"
912,3-31A,270,-118.49491215,34.01124307,"(34.01124307, -118.49491215)"
913,21-38,277,-118.4739914,34.04063271,"(34.04063271, -118.47399140)"
149,13-36A,89,-118.48639439,34.02637315,"(34.02637315, -118.48639439)"
917,18-61,267,-118.47389221,34.03441488,"(34.03441488, -118.47389221)"
919,18-58,272,-118.47306225,34.03507522,"(34.03507522, -118.47306225)"
1467,23-96A,329,-118.45845181,34.02759153,"(34.02759153, -118.45845181)"
993,23-77,235,-118.46264435,34.02846406,"(34.02846406, -118.46264435)"
1664,6-82A,353,-118.47280047,34.00883872,"(34.00883872, -118.47280047)"
1665,3-203A,86,-118.48946009,34.01712165,"(34.01712165, -118.48946009)"
1553,20-44,269,-118.49484538,34.0466018,"(34.04660180, -118.49484538)"
1800,1-28,90,-118.51053778,34.02458745,"(34.02458745, -118.51053778)"
1801,1-127,269,-118.50408317,34.02577087,"(34.02577087, -118.50408317)"
1802,24-106A,350,-118.45509501,34.01944848,"(34.01944848, -118.45509501)"
1803,24-110,355,-118.45478749,34.0192997,"(34.01929970, -118.45478749)"
1184,20-19A,158,-118.49224717,34.04846233,"(34.04846233, -118.49224717)"
246,7-78,86,-118.48538724,34.01610187,"(34.01610187, -118.48538724)"
203,6-21A,162,-118.47074067,34.00257535,"(34.00257535, -118.47074067)"
544,3-120A,270,-118.49295638,34.01441602,"(34.01441602, -118.49295638)"
245,7-75,93,-118.48618582,34.01680804,"(34.01680804, -118.48618582)"
1805,14-212A,356,-118.47308901,34.01442114,"(34.01442114, -118.47308901)"
1804,17-122B,270,-118.46814694,34.02599713,"(34.02599713, -118.46814694)"
1662,17-122A,180,-118.46757472,34.02573685,"(34.02573685, -118.46757472)"
1590,24-70,261,-118.45531401,34.02494964,"(34.02494964, -118.45531401)"
27,4-216,354,-118.48657144,34.00384563,"(34.00384563, -118.48657144)"
1911,23-171,330,-118.46143941,34.02978207,"(34.02978207, -118.46143941)"
1912,23-172,329,-118.46189607,34.02969605,"(34.02969605, -118.46189607)"
1913,23-173,328,-118.4631078,34.02944388,"(34.02944388, -118.46310780)"
1914,23-174,332,-118.46391512,34.02926899,"(34.02926899, -118.46391512)"
240,8-104,180,-118.48813069,34.01703843,"(34.01703843, -118.48813069)"
1398,4-48,264,-118.48641957,34.00869575,"(34.00869575, -118.48641957)"
1389,4-112,263,-118.483538,34.0058635,"(34.00586350, -118.48353800)"
1390,4-115,266,-118.48260475,34.00493015,"(34.00493015, -118.48260475)"
1388,4-109,264,-118.48441226,34.00671532,"(34.00671532, -118.48441226)"
1436,5-115,262,-118.48170015,34.00403051,"(34.00403051, -118.48170015)"
1415,5-124,264,-118.48026449,34.00266738,"(34.00266738, -118.48026449)"
1416,5-126,266,-118.47947744,34.0018754,"(34.00187540, -118.47947744)"
1420,5-127,6,-118.47855217,34.00122991,"(34.00122991, -118.47855217)"
1421,5-132,86,-118.47809667,34.00052481,"(34.00052481, -118.47809667)"
550,6-143,258,-118.46698679,34.00476765,"(34.00476765, -118.46698679)"
551,6-142A,171,-118.46764083,34.00436142,"(34.00436142, -118.46764083)"
1915,6-219,259,-118.46669677,34.00439438,"(34.00439438, -118.46669677)"
1634,24-93,258,-118.45741936,34.02401096,"(34.02401096, -118.45741936)"
1624,24-100,259,-118.454079,34.02003898,"(34.02003898, -118.45407900)"
1635,24-99,262,-118.45507865,34.02122153,"(34.02122153, -118.45507865)"
1621,24-87,260,-118.45310753,34.02058343,"(34.02058343, -118.45310753)"
493,7-194,86,-118.47459962,34.01485906,"(34.01485906, -118.47459962)"
492,7-200,84,-118.47373619,34.01400977,"(34.01400977, -118.47373619)"
1851,7-134A,268,-118.47844373,34.01704755,"(34.01704755, -118.47844373)"
1230,1-11,280,-118.51271338,34.02451919,"(34.02451919, -118.51271338)"
128,4-183,96,-118.48591674,34.00437495,"(34.00437495, -118.48591674)"
1041,21-61,181,-118.47410176,34.04242797,"(34.04242797, -118.47410176)"
1734,16-145,256,-118.46264097,34.01960437,"(34.01960437, -118.46264097)"
523,6-205,84,-118.46948385,34.00983996,"(34.00983996, -118.46948385)"
1403,4-57,360,-118.48251825,34.01017603,"(34.01017603, -118.48251825)"
992,23-70,238,-118.46036239,34.02890007,"(34.02890007, -118.46036239)"
1916,2-117A,270,-118.49493569,34.02169881,"(34.02169881, -118.49493569)"
1917,14-5C,98,-118.47388876,34.02637354,"(34.02637354, -118.47388876)"
1556,20-72,270,-118.49331368,34.04531997,"(34.04531997, -118.49331368)"
1338,3-93,80,-118.49466629,34.0144015,"(34.01440150, -118.49466629)"
1675,3-16,170,-118.49698756,34.00984098,"(34.00984098, -118.49698756)"
97,4-191,-90,-118.49094039,34.01032771,"(34.01032771, -118.49094039)"
1318,3-4,268,-118.4990688,34.01380552,"(34.01380552, -118.49906880)"
1706,10-151A,179,-118.49913694,34.02910427,"(34.02910427, -118.49913694)"
429,12-78,0,-118.48838767,34.02972336,"(34.02972336, -118.48838767)"
720,15-83A,79,-118.46076412,34.01103724,"(34.01103724, -118.46076412)"
637,13-71,0,-118.48098415,34.02776339,"(34.02776339, -118.48098415)"
1378,4-106,265,-118.48566223,34.00793299,"(34.00793299, -118.48566223)"
1810,13-143,266,-118.4851878,34.00747285,"(34.00747285, -118.48518780)"
227,8-30,360,-118.49234822,34.01858577,"(34.01858577, -118.49234822)"
226,4-6A,169,-118.48905964,34.0134187,"(34.01341870, -118.48905964)"
1669,3-138,269,-118.49754942,34.01835125,"(34.01835125, -118.49754942)"
383,11-25A,182,-118.50304011,34.04067905,"(34.04067905, -118.50304011)"
228,4-5,182,-118.48837389,34.0137775,"(34.01377750, -118.48837389)"
73,3-105,90,-118.49845066,34.01763523,"(34.01763523, -118.49845066)"
889,21-89,314,-118.4810071,34.04548162,"(34.04548162, -118.48100710)"
1222,22-1,180,-118.46943532,34.03994953,"(34.03994953, -118.46943532)"
1520,17-70,97,-118.46466738,34.02805795,"(34.02805795, -118.46466738)"
1546,20-56,346,-118.49308251,34.04780365,"(34.04780365, -118.49308251)"
1727,17-147B,90,-118.47042823,34.02627677,"(34.02627677, -118.47042823)"
1607,24-136,169,-118.44900532,34.0210476,"(34.02104760, -118.44900532)"
1606,24-138,260,-118.44958113,34.02171154,"(34.02171154, -118.44958113)"
1597,24-45,259,-118.45115703,34.02365833,"(34.02365833, -118.45115703)"
1765,16-146,260,-118.46147251,34.02004096,"(34.02004096, -118.46147251)"
1589,24-50,260,-118.45007738,34.02237847,"(34.02237847, -118.45007738)"
329,6-126,349,-118.46958213,34.00398698,"(34.00398698, -118.46958213)"
1478,5-82,266,-118.48336676,34.00285108,"(34.00285108, -118.48336676)"
1449,5-41,267,-118.48243833,33.99975272,"(33.99975272, -118.48243833)"
1549,20-58,271,-118.4913316,34.04776068,"(34.04776068, -118.49133160)"
99,4-149,249,-118.49073837,34.01162782,"(34.01162782, -118.49073837)"
1586,24-52,351,-118.45049505,34.02180956,"(34.02180956, -118.45049505)"
847,14-5,89,-118.47466529,34.02570159,"(34.02570159, -118.47466529)"
1157,4-293,0,-118.49488063,34.00953854,"(34.00953854, -118.49488063)"
1174,15-16,244,-118.46662257,34.00911727,"(34.00911727, -118.46662257)"
PM3,,90,-118.46655036,34.02987687,"(34.02987687, -118.46655036)"
PM2,,90,-118.46756294,34.02965496,"(34.02965496, -118.46756294)"
PM1,,90,-118.46878902,34.02938624,"(34.02938624, -118.46878902)"
1784,17-140,59,-118.46590656,34.02789728,"(34.02789728, -118.46590656)"
1709,14-6C,90,-118.47539328,34.02485137,"(34.02485137, -118.47539328)"
1710,14-6,90,-118.47604854,34.02541667,"(34.02541667, -118.47604854)"
1728,17-157,160,-118.4727145,34.02711773,"(34.02711773, -118.47271450)"
660,14-19A,270,-118.47882326,34.02278113,"(34.02278113, -118.47882326)"
1209,14-19,90,-118.47795503,34.02209659,"(34.02209659, -118.47795503)"
842,18-164,90,-118.47456069,34.0292128,"(34.02921280, -118.47456069)"
853,17-54,0,-118.46544038,34.02275362,"(34.02275362, -118.46544038)"
1729,18-177A,227,-118.46993982,34.02852166,"(34.02852166, -118.46993982)"
1457,5-57,356,-118.4794713,33.99810961,"(33.99810961, -118.47947130)"
1501,16-75D,360,-118.45504492,34.01567012,"(34.01567012, -118.45504492)"
1747,16-74,228,-118.4540468,34.01677699,"(34.01677699, -118.45404680)"
1500,16-75C,181,-118.45445855,34.01624973,"(34.01624973, -118.45445855)"
1363,3-25,150,-118.49540355,34.0098909,"(34.00989090, -118.49540355)"
1676,3-13,360,-118.49665997,34.0100259,"(34.01002590, -118.49665997)"
1373,3-20A,360,-118.49952789,34.00744728,"(34.00744728, -118.49952789)"
1368,3-19A,181,-118.49986394,34.00772378,"(34.00772378, -118.49986394)"
1367,3-20,269,-118.49988531,34.00741383,"(34.00741383, -118.49988531)"
1364,3-22A,360,-118.49692856,34.00867948,"(34.00867948, -118.49692856)"
1366,3-17A,180,-118.49772209,34.00918095,"(34.00918095, -118.49772209)"
1674,3-17B,180,-118.49845609,34.00858402,"(34.00858402, -118.49845609)"
1369,3-21A,0,-118.49765251,34.00810283,"(34.00810283, -118.49765251)"
1370,3-21,270,-118.49823176,34.00815788,"(34.00815788, -118.49823176)"
1371,3-17,180,-118.49730661,34.00951948,"(34.00951948, -118.49730661)"
1372,3-19,180,-118.49911841,34.00805235,"(34.00805235, -118.49911841)"
1402,4-38,82,-118.48362092,34.01128891,"(34.01128891, -118.48362092)"
100,4-8,87,-118.49017314,34.01384502,"(34.01384502, -118.49017314)"
SMC6,,90,-118.47109447,34.01569133,"(34.01569133, -118.47109447)"
SMC1,,90,-118.46970793,34.01750442,"(34.01750442, -118.46970793)"
SMC2,,90,-118.47049201,34.01700036,"(34.01700036, -118.47049201)"
SMC3,,90,-118.47127079,34.01654934,"(34.01654934, -118.47127079)"
SMC5,,90,-118.47215577,34.01606084,"(34.01606084, -118.47215577)"
SMC4,,90,-118.47215403,34.01678246,"(34.01678246, -118.47215403)"
1512,17-136,0,-118.46920729,34.0263129,"(34.02631290, -118.46920729)"
1716,3-132,271,-118.49536376,34.01647292,"(34.01647292, -118.49536376)"
1670,3-133,270,-118.4959972,34.01701398,"(34.01701398, -118.49599720)"
1668,2-163,269,-118.49822189,34.0189206,"(34.01892060, -118.49822189)"
1227,1-1,283,-118.51602799,34.026233,"(34.02623300, -118.51602799)"
1613,24-9,257,-118.44508084,34.01646668,"(34.01646668, -118.44508084)"
1612,24-10,167,-118.44584636,34.01604613,"(34.01604613, -118.44584636)"
991,23-56,340,-118.46397773,34.03005622,"(34.03005622, -118.46397773)"
683,14-128,180,-118.47491987,34.01974903,"(34.01974903, -118.47491987)"
684,14-89,270,-118.47620929,34.02060498,"(34.02060498, -118.47620929)"
1658,14-162,270,-118.47392089,34.01864707,"(34.01864707, -118.47392089)"
428,12-78,90,-118.48574584,34.02654919,"(34.02654919, -118.48574584)"
1344,3-111,0,-118.49552689,34.01602834,"(34.01602834, -118.49552689)"
586,11-179,1,-118.49381926,34.03557135,"(34.03557135, -118.49381926)"
130,4-174,176,-118.48583266,34.00546202,"(34.00546202, -118.48583266)"
651,14-7,180,-118.47513428,34.02429381,"(34.02429381, -118.47513428)"
653,14-9,90,-118.47598399,34.02373262,"(34.02373262, -118.47598399)"
23,4-222,176,-118.4880403,34.00519657,"(34.00519657, -118.48804030)"
1294,2-9,272,-118.50480183,34.01861952,"(34.01861952, -118.50480183)"
1299,2-39,270,-118.50238936,34.01861965,"(34.01861965, -118.50238936)"
1000,23-80,330,-118.46244863,34.02769968,"(34.02769968, -118.46244863)"
907,19-162,270,-118.47720674,34.03883565,"(34.03883565, -118.47720674)"
390,10-105,271,-118.49862116,34.03272759,"(34.03272759, -118.49862116)"
880,4-1A,223,-118.48927413,34.01406139,"(34.01406139, -118.48927413)"
1704,5-100,173,-118.48240405,34.00348562,"(34.00348562, -118.48240405)"
980,18-112,182,-118.47318139,34.0337075,"(34.03370750, -118.47318139)"
1175,6-217A,352,-118.4678014,34.00821576,"(34.00821576, -118.46780140)"
1365,3-24,359,-118.49620208,34.00926555,"(34.00926555, -118.49620208)"
841,18-167,180,-118.47518248,34.02750961,"(34.02750961, -118.47518248)"
1096,23-94,270,-118.45801678,34.02875138,"(34.02875138, -118.45801678)"
609,12-50,359,-118.48864672,34.03218533,"(34.03218533, -118.48864672)"
SMC7,,90,-118.46924921,34.01791303,"(34.01791303, -118.46924921)"
SMC8,,90,-118.47002392,34.01745369,"(34.01745369, -118.47002392)"
SMC9,,90,-118.46831996,34.01691039,"(34.01691039, -118.46831996)"
SMC10,,90,-118.46979452,34.01653214,"(34.01653214, -118.46979452)"
SMC11,,90,-118.46945274,34.01625806,"(34.01625806, -118.46945274)"
SMC13,,90,-118.47062724,34.01641207,"(34.01641207, -118.47062724)"
SMC15,,90,-118.47041664,34.01589107,"(34.01589107, -118.47041664)"
SMC12,,90,-118.47018699,34.01666147,"(34.01666147, -118.47018699)"
SMC14,,90,-118.46994923,34.01556222,"(34.01556222, -118.46994923)"
SMC16,,90,-118.47093652,34.01764252,"(34.01764252, -118.47093652)"
SMC17,,90,-118.47115934,34.01736104,"(34.01736104, -118.47115934)"
1505,16-27,356,-118.45356493,34.01147876,"(34.01147876, -118.45356493)"
SMA2,,90,-118.45529215,34.0136528,"(34.01365280, -118.45529215)"
SMA3,,90,-118.45426967,34.01521547,"(34.01521547, -118.45426967)"
SMA4,,90,-118.45362503,34.01509133,"(34.01509133, -118.45362503)"
SMA5,,90,-118.45308016,34.01550328,"(34.01550328, -118.45308016)"
SMA7,,90,-118.45181318,34.01657493,"(34.01657493, -118.45181318)"
SMA9,,90,-118.45007151,34.01839387,"(34.01839387, -118.45007151)"
SMA11,,90,-118.44968906,34.01872093,"(34.01872093, -118.44968906)"
SMA10,,90,-118.44996392,34.01849122,"(34.01849122, -118.44996392)"
SMA12,,90,-118.44988649,34.01927167,"(34.01927167, -118.44988649)"
1761,16-25,54,-118.45391192,34.01237096,"(34.01237096, -118.45391192)"
1506,16-29,263,-118.45219477,34.01251075,"(34.01251075, -118.45219477)"
1603,24-1,259,-118.44720168,34.02088434,"(34.02088434, -118.44720168)"
1604,24-140,260,-118.447945,34.02156509,"(34.02156509, -118.44794500)"
SMA8,,90,-118.4507537,34.01750466,"(34.01750466, -118.45075370)"
SMA6,,90,-118.45263057,34.01727723,"(34.01727723, -118.45263057)"
SMA14,,90,-118.45315304,34.01697556,"(34.01697556, -118.45315304)"
SMA13,,90,-118.45396419,34.01640104,"(34.01640104, -118.45396419)"
SMA1,,90,-118.45469745,34.01576198,"(34.01576198, -118.45469745)"
1298,2-23,90,-118.50190178,34.0175356,"(34.01753560, -118.50190178)"
1614,24-3,228,-118.4451575,34.01900586,"(34.01900586, -118.44515750)"
56,2-67,0,-118.50155478,34.02171286,"(34.02171286, -118.50155478)"
1292,2-43,360,-118.50345455,34.02017426,"(34.02017426, -118.50345455)"
856,17-3,259,-118.46142206,34.02175163,"(34.02175163, -118.46142206)"
202,3-179A,90,-118.49361239,34.01914065,"(34.01914065, -118.49361239)"
1337,3-113,360,-118.49409656,34.01453774,"(34.01453774, -118.49409656)"
1739,15-38,169,-118.4626096,34.00660229,"(34.00660229, -118.46260960)"
323,6-92,84,-118.4722667,34.00698762,"(34.00698762, -118.47226670)"
394,11-169,340,-118.49596014,34.03461409,"(34.03461409, -118.49596014)"
1918,7-135A,0,-118.47899889,34.01601374,"(34.01601374, -118.47899889)"
1852,4-34A,0,-118.48956981,34.01086226,"(34.01086226, -118.48956981)"
1921,12-131A,0,-118.48690117,34.02815035,"(34.02815035, -118.48690117)"
1919,12-136A,0,-118.4876978,34.02749106,"(34.02749106, -118.48769780)"
1920,13-31A,0,-118.48552404,34.02693055,"(34.02693055, -118.48552404)"
1922,12-65A,0,-118.49112065,34.02884057,"(34.02884057, -118.49112065)"
1392,4-93,0,-118.48169323,34.00549074,"(34.00549074, -118.48169323)"
1394,4-62,0,-118.48089194,34.00912432,"(34.00912432, -118.48089194)"
1376,3-19C,0,-118.50016608,34.00759264,"(34.00759264, -118.50016608)"
1375,3-19B,0,-118.49991882,34.00779387,"(34.00779387, -118.49991882)"
1678,3-20D,0,-118.49997793,34.00742949,"(34.00742949, -118.49997793)"
1377,3-20B,0,-118.49971723,34.00728732,"(34.00728732, -118.49971723)"
1679,3-21B,0,-118.49843939,34.0084181,"(34.00841810, -118.49843939)"
1672,3-21C,0,-118.49788618,34.00790751,"(34.00790751, -118.49788618)"
1673,3-22B,0,-118.49721167,34.00845248,"(34.00845248, -118.49721167)"
1687,3-23A,0,-118.4965824,34.00898915,"(34.00898915, -118.49658240)"
1688,3-24A,0,-118.49608206,34.00935517,"(34.00935517, -118.49608206)"
1689,3-15A,0,-118.49684807,34.00996027,"(34.00996027, -118.49684807)"
1690,3-17D,0,-118.49726729,34.00956861,"(34.00956861, -118.49726729)"
1691,3-17E,0,-118.49800155,34.00895209,"(34.00895209, -118.49800155)"
